Symbol\Weightage,['apr12']
ACC,0.7
AMBUJACEM,0.69
ASIANPAINT,0.98
AXISBANK,1.74
BAJAJ-AUTO,1.33
BANKBARODA,0.88
BHARTIARTL,2.27
BHEL,1.08
BPCL,0.53
CAIRN,0.77
CIPLA,0.97
COALINDIA,1.36
DLF,0.42
DRREDDY,1.36
GAIL,0.91
GRASIM,0.99
HCLTECH,0.78
HDFC,6.08
HDFCBANK,5.97
HEROMOTOCO,1.31
HINDALCO,0.95
HINDUNILVR,2.62
ICICIBANK,6.21
IDFC,0.9
INFY,7.25
ITC,8.09
JINDALSTEL,1.19
JPASSOCIAT,0.52
KOTAKBANK,1.32
LT,4.03
M&M,1.99
MARUTI,1.11
NTPC,1.27
ONGC,2.92
PNB,0.69
POWERGRID,0.96
RANBAXY,0.47
RELIANCE,7.68
RELINFRA,0.44
SAIL,0.34
SBIN,3.37
SESAGOA,0.45
SIEMENS,0.4
STER,0.91
SUNPHARMA,1.38
TATAMOTORS,3.38
TATAPOWER,1.04
TATASTEEL,1.9
TCS,3.86
WIPRO,1.26
,100
,
,
,
,
,
,
,
,
,
,
,
,
,
,
,
,
Symbol\Weightage,['apr13']
,%
ACC,0.6
AMBUJACEM,0.75
ASIANPAINT,1.11
AXISBANK,2.47
BAJAJ-AUTO,1.33
BANKBARODA,0.62
BHARTIARTL,2
BHEL,0.8
BPCL,0.56
CAIRN,0.97
CIPLA,1.08
COALINDIA,1.06
DLF,0.46
DRREDDY,1.35
GAIL,0.83
GRASIM,0.98
HCLTECH,1
HDFC,6.89
HDFCBANK,6.57
HEROMOTOCO,0.82
HINDALCO,0.66
HINDUNILVR,3.15
ICICIBANK,7.05
IDFC,0.99
INDUSINDBK,1.03
INFY,5.66
ITC,9.46
JINDALSTEL,0.61
JPASSOCIAT,0.47
KOTAKBANK,1.4
LT,4.3
LUPIN,0.88
M&M,2.23
MARUTI,1.16
NMDC,0.52
NTPC,1.7
ONGC,3.04
PNB,0.54
POWERGRID,0.83
RANBAXY,0.37
RELIANCE,6.8
RELINFRA,0.27
SBIN,3.07
SESAGOA,0.33
SUNPHARMA,1.88
TATAMOTORS,2.79
TATAPOWER,0.81
TATASTEEL,1.06
TCS,3.69
ULTRACEMCO,1.01
,100
,
,
,
,
,
,
,
,
,
,
,
,
,
,
,
,
Symbol\Weightage,['apr14']
,%
ACC,0.54
AMBUJACEM,0.68
ASIANPAINT,1.02
AXISBANK,2.10
BAJAJ-AUTO,1.14
BANKBARODA,0.70
BHARTIARTL,1.74
BHEL,0.64
BPCL,0.52
CAIRN,0.88
CIPLA,0.90
COALINDIA,0.82
DLF,0.28
DRREDDY,1.53
GAIL,0.74
GRASIM,0.74
HCLTECH,1.67
HDFC,6.25
HDFCBANK,5.96
HEROMOTOCO,1.18
HINDALCO,0.77
HINDUNILVR,1.79
ICICIBANK,6.40
IDFC,0.62
INDUSINDBK,0.91
INFY,6.84
ITC,8.41
JINDALSTEL,0.42
KOTAKBANK,1.36
LT,4.70
LUPIN,1.05
M&M,2.20
MARUTI,1.13
MCDOWELL-N,0.97
NMDC,0.53
NTPC,1.07
ONGC,2.56
PNB,0.52
POWERGRID,1.04
RELIANCE,6.86
SBIN,2.86
SSLT,1.02
SUNPHARMA,2.12
TATAMOTORS,3.32
TATAPOWER,0.64
TATASTEEL,1.19
TCS,4.99
TECHM,1.21
ULTRACEMCO,0.92
WIPRO,1.52
,
,
,
,
,
,
,
,
,
,
,
,
,
,
,
,
,
Symbol\Weightage,['apr15.zip']
ASIANPAINT,1.21
ACC,0.47
BAJAJ-AUTO,0.91
BHEL,0.75
BPCL,0.69
CIPLA,1.13
DRREDDY,1.47
GRASIM,0.8
AMBUJACEM,0.62
HDFCBANK,6.71
HEROMOTOCO,0.98
HINDALCO,0.58
HINDUNILVR,2.1
HDFC,6.43
INFY,6.77
ITC,6.3
KOTAKBANK,2.38
M&M,1.84
ONGC,1.9
RELIANCE,4.96
SSLT,0.81
SBIN,2.91
SUNPHARMA,2.87
TATAMOTORS,3.36
TATASTEEL,0.84
TATAPOWER,0.48
WIPRO,1.23
ZEEL,0.6
ICICIBANK,6.7
INDUSINDBK,1.24
BANKBARODA,0.55
GAIL,0.58
AXISBANK,3.37
HCLTECH,1.67
LUPIN,1.48
BHARTIARTL,1.84
PNB,0.42
MARUTI,1.72
LT,4.66
ULTRACEMCO,0.96
TCS,4.4
NTPC,1.08
YESBANK,0.95
IDFC,0.78
TECHM,1.32
CAIRN,0.42
IDEA,0.68
POWERGRID,1.09
NMDC,0.35
COALINDIA,1.63
,
,
,
,
,
,
,
,
,
,
,
,
,
,
,
,
,
Symbol\Weightage,['apr16.zip']
ACC,0.47
ADANIPORTS,0.76
AMBUJACEM,0.60
ASIANPAINT,1.36
AUROPHARMA,0.71
AXISBANK,2.75
BAJAJ-AUTO,1.21
BANKBARODA,0.52
BHEL,0.40
BPCL,0.89
BHARTIARTL,1.72
INFRATEL,0.69
BOSCHLTD,0.62
CIPLA,0.95
COALINDIA,1.27
DRREDDY,1.36
EICHERMOT,0.85
GAIL,0.59
GRASIM,0.92
HCLTECH,1.48
HDFCBANK,7.79
HEROMOTOCO,1.27
HINDALCO,0.43
HINDUNILVR,2.16
HDFC,6.00
ITC,6.38
ICICIBANK,4.81
IDEA,0.46
INDUSINDBK,1.78
INFY,8.42
KOTAKBANK,2.57
LT,3.59
LUPIN,1.34
M&M,2.13
MARUTI,1.76
NTPC,1.20
ONGC,1.36
POWERGRID,1.10
RELIANCE,5.67
SBIN,2.05
SUNPHARMA,3.07
TCS,4.71
TATAMTRDVR,0.52
TATAMOTORS,2.76
TATAPOWER,0.45
TATASTEEL,0.82
TECHM,1.05
ULTRACEMCO,1.12
WIPRO,1.24
YESBANK,1.08
ZEEL,0.79
,
,
,
,
,
,
,
,
,
,
,
,
,
,
,
,
,
Symbol\Weightage,['apr17.zip']
ACC,0.39
ADANIPORTS,0.76
AMBUJACEM,0.52
ASIANPAINT,1.45
AUROPHARMA,0.49
AXISBANK,2.49
BAJAJ-AUTO,1.12
BANKBARODA,0.51
BPCL,1.08
BHARTIARTL,1.35
INFRATEL,0.53
BOSCHLTD,0.60
CIPLA,0.81
COALINDIA,1.04
DRREDDY,0.90
EICHERMOT,1.00
GAIL,0.78
GRASIM,1.07
HCLTECH,1.32
HDFCBANK,8.98
HEROMOTOCO,1.22
HINDALCO,0.83
HINDUNILVR,1.92
HDFC,7.00
ITC,6.78
ICICIBANK,4.66
IBULHSGFIN,0.94
IOC,1.29
INDUSINDBK,2.08
INFY,5.27
KOTAKBANK,3.10
LT,4.12
LUPIN,0.92
M&M,1.79
MARUTI,2.49
NTPC,1.17
ONGC,1.51
POWERGRID,1.31
RELIANCE,6.63
SBIN,2.65
SUNPHARMA,2.03
TCS,3.47
TATAMTRDVR,0.41
TATAMOTORS,2.47
TATAPOWER,0.44
TATASTEEL,0.86
TECHM,0.75
ULTRACEMCO,1.27
WIPRO,0.90
YESBANK,1.71
ZEEL,0.83
,
,
,
,
,
,
,
,
,
,
,
,
,
,
,
,
,
Symbol\Weightage,['apr18.zip']
ADANIPORTS,0.68
ASIANPAINT,1.28
AXISBANK,2.10
BAJAJ-AUTO,0.95
BAJFINANCE,1.07
BAJAJFINSV,0.78
BPCL,0.72
BHARTIARTL,1.28
INFRATEL,0.63
CIPLA,0.73
COALINDIA,0.88
DRREDDY,0.60
EICHERMOT,0.99
GAIL,0.68
GRASIM,1.02
HCLTECH,1.39
HDFCBANK,9.42
HEROMOTOCO,1.15
HINDALCO,0.81
HINDPETRO,0.54
HINDUNILVR,2.55
HDFC,7.46
ITC,5.68
ICICIBANK,4.32
IBULHSGFIN,1.00
IOC,0.82
INDUSINDBK,2.29
INFY,5.39
KOTAKBANK,3.82
LT,4.09
LUPIN,0.46
M&M,1.93
MARUTI,2.77
NTPC,1.28
ONGC,1.21
POWERGRID,1.11
RELIANCE,7.86
SBIN,2.16
SUNPHARMA,1.38
TCS,4.16
TATAMOTORS,1.49
TATASTEEL,1.09
TECHM,0.99
TITAN,0.97
UPL,0.63
ULTRACEMCO,1.01
VEDL,1.31
WIPRO,0.75
YESBANK,1.58
ZEEL,0.76
,
,
,
,
,
,
,
,
,
,
,
,
,
,
,
,
,
Symbol\Weightage,['apr19.zip']
ADANIPORTS,0.65
ASIANPAINT,1.39
AXISBANK,3.16
BAJAJ-AUTO,0.86
BAJFINANCE,1.55
BAJAJFINSV,0.96
BPCL,0.63
BHARTIARTL,1.15
INFRATEL,0.47
BRITANNIA,0.72
CIPLA,0.61
COALINDIA,0.89
DRREDDY,0.75
EICHERMOT,0.60
GAIL,0.68
GRASIM,0.75
HCLTECH,1.36
HDFCBANK,10.53
HEROMOTOCO,0.69
HINDALCO,0.64
HINDUNILVR,2.65
HDFC,6.95
ICICIBANK,5.55
ITC,5.46
IBULHSGFIN,0.49
IOC,0.79
INDUSINDBK,1.74
INFY,6.03
JSWSTEEL,0.66
KOTAKBANK,3.91
LT,3.51
M&M,1.27
MARUTI,1.87
NTPC,1.15
ONGC,1.08
POWERGRID,0.91
RELIANCE,10.07
SBIN,2.45
SUNPHARMA,1.07
TCS,5.01
TATAMOTORS,0.82
TATASTEEL,0.89
TECHM,1.11
TITAN,1.02
UPL,0.75
ULTRACEMCO,1.02
VEDL,0.64
WIPRO,0.95
YESBANK,0.66
ZEEL,0.51
,
,
,
,
,
,
,
,
,
,
,
,
,
,
,
,
,
Symbol\Weightage,['apr20.zip']
ADANIPORTS,0.55
ASIANPAINT,1.93
AXISBANK,2.44
BAJAJ-AUTO,0.83
BAJFINANCE,1.49
BAJAJFINSV,0.75
BPCL,0.72
BHARTIARTL,2.80
INFRATEL,0.36
BRITANNIA,0.91
CIPLA,0.73
COALINDIA,0.76
DRREDDY,1.16
EICHERMOT,0.50
GAIL,0.43
GRASIM,0.49
HCLTECH,1.44
HDFCBANK,10.56
HEROMOTOCO,0.68
HINDALCO,0.46
HINDUNILVR,3.82
HDFC,8.07
ICICIBANK,5.99
ITC,3.87
IOC,0.52
INDUSINDBK,0.69
INFY,6.38
JSWSTEEL,0.45
KOTAKBANK,4.42
LT,2.70
M&M,0.85
MARUTI,1.73
NTPC,1.12
NESTLEIND,1.56
ONGC,0.71
POWERGRID,1.01
RELIANCE,11.54
SHREECEM,0.64
SBIN,1.78
SUNPHARMA,1.22
TCS,5.15
TATAMOTORS,0.41
TATASTEEL,0.55
TECHM,0.82
TITAN,0.99
UPL,0.56
ULTRACEMCO,0.99
VEDL,0.40
WIPRO,0.69
ZEEL,0.35
,
,
,
,
,
,
,
,
,
,
,
,
,
,
,
,
,
Symbol\Weightage,['apr21.zip']
ADANIPORTS,0.84
ASIANPAINT,1.81
AXISBANK,2.84
BAJAJ-AUTO,0.79
BAJFINANCE,2.28
BAJAJFINSV,1.06
BPCL,0.62
BHARTIARTL,2.05
BRITANNIA,0.64
CIPLA,0.73
COALINDIA,0.44
DIVISLAB,0.82
DRREDDY,0.99
EICHERMOT,0.53
GRASIM,0.85
HCLTECH,1.54
HDFCBANK,9.72
HDFCLIFE,0.87
HEROMOTOCO,0.58
HINDALCO,0.84
HINDUNILVR,3.32
HDFC,6.89
ICICIBANK,6.56
ITC,2.80
IOC,0.36
INDUSINDBK,0.83
INFY,7.93
JSWSTEEL,1.10
KOTAKBANK,4.05
LT,2.56
M&M,1.14
MARUTI,1.36
NTPC,0.77
NESTLEIND,0.92
ONGC,0.62
POWERGRID,0.89
RELIANCE,10.19
SBILIFE,0.57
SHREECEM,0.59
SBIN,2.14
SUNPHARMA,1.12
TCS,4.97
TATACONSUM,0.63
TATAMOTORS,0.83
TATASTEEL,1.27
TECHM,0.94
TITAN,0.98
UPL,0.53
ULTRACEMCO,1.15
WIPRO,1.15
,
,
,
,
,
,
,
,
,
,
,
,
,
,
,
,
,
Symbol\Weightage,['aug12']
,%
ACC,0.74
AMBUJACEM,0.85
ASIANPAINT,1
AXISBANK,1.57
BAJAJ-AUTO,1.32
BANKBARODA,0.65
BHARTIARTL,1.8
BHEL,1.02
BPCL,0.53
CAIRN,0.9
CIPLA,1.16
COALINDIA,1.35
DLF,0.43
DRREDDY,1.29
GAIL,0.97
GRASIM,1.15
HCLTECH,0.87
HDFC,6.72
HDFCBANK,6.56
HEROMOTOCO,1.02
HINDALCO,0.81
HINDUNILVR,3.22
ICICIBANK,6.32
IDFC,1
INFY,6.92
ITC,8.81
JINDALSTEL,0.82
JPASSOCIAT,0.44
KOTAKBANK,1.31
LT,4.39
M&M,2.12
MARUTI,0.92
NTPC,1.31
ONGC,2.97
PNB,0.55
POWERGRID,1.03
RANBAXY,0.51
RELIANCE,7.74
RELINFRA,0.37
SAIL,0.28
SBIN,2.88
SESAGOA,0.41
SIEMENS,0.35
STER,0.82
SUNPHARMA,1.53
TATAMOTORS,2.52
TATAPOWER,0.98
TATASTEEL,1.46
TCS,4.16
WIPRO,1.14
,
,
,
,
,
,
,
,
,
,
,
,
,
,
,
,
,
Symbol\Weightage,['aug13']
,%
ACC,0.52
AMBUJACEM,0.75
ASIANPAINT,1.09
AXISBANK,1.48
BAJAJ-AUTO,1.41
BANKBARODA,0.5
BHARTIARTL,2.04
BHEL,0.54
BPCL,0.4
CAIRN,1.09
CIPLA,1.21
COALINDIA,0.91
DLF,0.33
DRREDDY,1.67
GAIL,0.76
GRASIM,0.82
HCLTECH,1.58
HDFC,6.41
HDFCBANK,6.29
HEROMOTOCO,1.12
HINDALCO,0.78
HINDUNILVR,2.56
ICICIBANK,5.32
IDFC,0.57
INDUSINDBK,0.87
INFY,8.59
ITC,9.73
JINDALSTEL,0.49
JPASSOCIAT,0.23
KOTAKBANK,1.43
LT,3.38
LUPIN,1.09
M&M,2.07
MARUTI,0.94
NMDC,0.54
NTPC,1.55
ONGC,2.53
PNB,0.37
POWERGRID,0.79
RANBAXY,0.36
RELIANCE,8.05
RELINFRA,0.27
SBIN,2.25
SESAGOA,0.42
SUNPHARMA,2.25
TATAMOTORS,3.08
TATAPOWER,0.7
TATASTEEL,1.05
TCS,5.95
ULTRACEMCO,0.86
,100
,
,
,
,
,
,
,
,
,
,
,
,
,
,
,
,
Symbol\Weightage,['aug14.zip']
,%
ACC,0.52
AMBUJACEM,0.59
ASIANPAINT,1.05
AXISBANK,2.48
BAJAJ-AUTO,1.13
BANKBARODA,0.61
BHARTIARTL,1.91
BHEL,0.81
BPCL,0.67
CAIRN,0.69
CIPLA,0.97
COALINDIA,0.87
DLF,0.30
DRREDDY,1.40
GAIL,0.77
GRASIM,0.81
HCLTECH,1.63
HDFC,6.28
HDFCBANK,5.88
HEROMOTOCO,1.17
HINDALCO,0.82
HINDUNILVR,1.96
ICICIBANK,6.72
IDFC,0.68
INDUSINDBK,0.94
INFY,6.48
ITC,7.35
JINDALSTEL,0.31
KOTAKBANK,1.65
LT,4.65
LUPIN,1.15
M&M,2.42
MARUTI,1.37
MCDOWELL-N,0.45
NMDC,0.50
NTPC,1.06
ONGC,2.91
PNB,0.53
POWERGRID,1.06
RELIANCE,6.13
SBIN,2.84
SSLT,1.21
SUNPHARMA,2.40
TATAMOTORS,3.52
TATAPOWER,0.59
TATASTEEL,1.28
TCS,4.81
TECHM,1.32
ULTRACEMCO,0.97
WIPRO,1.38
,
,
,
,
,
,
,
,
,
,
,
,
,
,
,
,
,
,
Symbol\Weightage,['aug15.zip']
ACC,0.44
AMBUJACEM,0.57
ASIANPAINT,1.36
AXISBANK,3.03
BAJAJ-AUTO,1.08
BANKBARODA,0.62
BHARTIARTL,1.74
BHEL,0.73
BOSCHLTD,0.74
BPCL,0.81
CAIRN,0.3
CIPLA,1.23
COALINDIA,1.67
DRREDDY,1.94
GAIL,0.49
GRASIM,0.78
HCLTECH,1.91
HDFC,6.63
HDFCBANK,7.18
HEROMOTOCO,1.04
HINDALCO,0.37
HINDUNILVR,2.17
ICICIBANK,5.72
IDEA,0.62
INDUSINDBK,1.48
INFY,7.75
ITC,6.46
KOTAKBANK,2.37
LT,4.65
LUPIN,1.65
M&M,2
MARUTI,1.95
NMDC,0.28
NTPC,0.89
ONGC,1.52
PNB,0.38
POWERGRID,1.02
RELIANCE,5.01
SBIN,2.71
SUNPHARMA,3.47
TATAMOTORS,2.29
TATAPOWER,0.39
TATASTEEL,0.53
TCS,4.65
TECHM,1.11
ULTRACEMCO,1.05
VEDL,0.39
WIPRO,1.3
YESBANK,0.8
ZEEL,0.75
,
,
,
,
,
,
,
,
,
,
,
,
,
,
,
,
,
Symbol\Weightage,['aug16.zip']
ACC,0.50
ADANIPORTS,0.73
AMBUJACEM,0.67
ASIANPAINT,1.62
AUROPHARMA,0.66
AXISBANK,3.09
BAJAJ-AUTO,1.25
BANKBARODA,0.48
BHEL,0.39
BPCL,0.97
BHARTIARTL,1.35
INFRATEL,0.58
BOSCHLTD,0.68
CIPLA,0.90
COALINDIA,1.30
DRREDDY,1.21
EICHERMOT,0.94
GAIL,0.56
GRASIM,0.93
HCLTECH,1.36
HDFCBANK,8.02
HEROMOTOCO,1.40
HINDALCO,0.63
HINDUNILVR,2.03
HDFC,6.89
ITC,6.82
ICICIBANK,4.65
IDEA,0.36
INDUSINDBK,1.82
INFY,6.41
KOTAKBANK,2.89
LT,3.84
LUPIN,1.10
M&M,2.07
MARUTI,2.08
NTPC,1.22
ONGC,1.31
POWERGRID,1.25
RELIANCE,5.43
SBIN,2.43
SUNPHARMA,2.60
TCS,4.14
TATAMTRDVR,0.54
TATAMOTORS,3.22
TATAPOWER,0.44
TATASTEEL,0.77
TECHM,0.90
ULTRACEMCO,1.30
WIPRO,0.98
YESBANK,1.39
ZEEL,0.91
,
,
,
,
,
,
,
,
,
,
,
,
,
,
,
,
,
Symbol\Weightage,['aug17.zip']
ACC,0.41
ADANIPORTS,0.85
AMBUJACEM,0.55
ASIANPAINT,1.40
AUROPHARMA,0.54
AXISBANK,2.27
BAJAJ-AUTO,1.02
BANKBARODA,0.35
BPCL,1.10
BHARTIARTL,1.50
INFRATEL,0.70
BOSCHLTD,0.54
CIPLA,0.77
COALINDIA,0.83
DRREDDY,0.65
EICHERMOT,1.12
GAIL,0.65
HCLTECH,1.32
HDFCBANK,9.60
HEROMOTOCO,1.38
HINDALCO,0.93
HINDUNILVR,2.32
HDFC,7.53
ITC,6.40
ICICIBANK,5.09
IBULHSGFIN,1.05
IOC,1.24
INDUSINDBK,2.22
INFY,4.88
KOTAKBANK,3.16
LT,3.73
LUPIN,0.63
M&M,1.67
MARUTI,2.73
NTPC,1.11
ONGC,1.18
POWERGRID,1.28
RELIANCE,7.05
SBIN,2.75
SUNPHARMA,1.42
TCS,3.54
TATAMTRDVR,0.30
TATAMOTORS,1.88
TATAPOWER,0.38
TATASTEEL,1.14
TECHM,0.71
ULTRACEMCO,1.11
VEDL,1.53
WIPRO,1.01
YESBANK,1.71
ZEEL,0.76
,
,
,
,
,
,
,
,
,
,
,
,
,
,
,
,
,
Symbol\Weightage,['aug18.zip']
ADANIPORTS,0.58
ASIANPAINT,1.34
AXISBANK,2.42
BAJAJ-AUTO,0.81
BAJFINANCE,1.47
BAJAJFINSV,0.88
BPCL,0.61
BHARTIARTL,1.10
INFRATEL,0.53
CIPLA,0.73
COALINDIA,0.81
DRREDDY,0.65
EICHERMOT,0.83
GAIL,0.71
GRASIM,0.91
HCLTECH,1.26
HDFCBANK,9.19
HEROMOTOCO,0.92
HINDALCO,0.75
HINDPETRO,0.41
HINDUNILVR,2.76
HDFC,6.77
ITC,5.92
ICICIBANK,4.78
IBULHSGFIN,0.90
IOC,0.72
INDUSINDBK,2.11
INFY,5.94
KOTAKBANK,3.72
LT,3.66
LUPIN,0.48
M&M,1.95
MARUTI,2.62
NTPC,1.17
ONGC,1.10
POWERGRID,0.98
RELIANCE,9.46
SBIN,2.52
SUNPHARMA,1.56
TCS,4.83
TATAMOTORS,1.07
TATASTEEL,0.98
TECHM,1.04
TITAN,0.81
UPL,0.57
ULTRACEMCO,1.01
VEDL,0.92
WIPRO,0.74
YESBANK,1.37
ZEEL,0.60
,
,
,
,
,
,
,
,
,
,
,
,
,
,
,
,
,
Symbol\Weightage,['aug19.zip']
ADANIPORTS,0.64
ASIANPAINT,1.62
AXISBANK,3.02
BAJAJ-AUTO,0.81
BAJFINANCE,1.76
BAJAJFINSV,0.96
BPCL,0.63
BHARTIARTL,1.47
INFRATEL,0.47
BRITANNIA,0.71
CIPLA,0.53
COALINDIA,0.73
DRREDDY,0.69
EICHERMOT,0.50
GAIL,0.53
GRASIM,0.62
HCLTECH,1.33
HDFCBANK,10.70
HEROMOTOCO,0.74
HINDALCO,0.60
HINDUNILVR,2.99
HDFC,8.29
ICICIBANK,5.88
ITC,4.69
IBULHSGFIN,0.34
IOC,0.67
INDUSINDBK,1.68
INFY,6.89
JSWSTEEL,0.49
KOTAKBANK,4.26
LT,3.65
M&M,1.10
MARUTI,1.81
NTPC,1.18
ONGC,0.85
POWERGRID,1.05
RELIANCE,9.51
SBIN,2.34
SUNPHARMA,1.11
TCS,5.28
TATAMOTORS,0.46
TATASTEEL,0.58
TECHM,0.97
TITAN,1.03
UPL,0.69
ULTRACEMCO,0.94
VEDL,0.56
WIPRO,0.89
YESBANK,0.25
ZEEL,0.49
,
,
,
,
,
,
,
,
,
,
,
,
,
,
,
,
,
Symbol\Weightage,['aug20.zip']
ADANIPORTS,0.55
ASIANPAINT,1.77
AXISBANK,2.54
BAJAJ-AUTO,0.80
BAJFINANCE,1.91
BAJAJFINSV,0.77
BPCL,0.68
BHARTIARTL,2.55
INFRATEL,0.35
BRITANNIA,0.91
CIPLA,0.75
COALINDIA,0.58
DRREDDY,1.07
EICHERMOT,0.60
GAIL,0.37
GRASIM,0.55
HCLTECH,1.56
HDFCBANK,9.99
HDFCLIFE,0.86
HEROMOTOCO,0.81
HINDALCO,0.56
HINDUNILVR,3.91
HDFC,6.55
ICICIBANK,5.62
ITC,3.45
IOC,0.45
INDUSINDBK,0.79
INFY,7.03
JSWSTEEL,0.57
KOTAKBANK,4.24
LT,2.39
M&M,1.20
MARUTI,1.88
NTPC,0.97
NESTLEIND,1.18
ONGC,0.62
POWERGRID,0.95
RELIANCE,13.63
SHREECEM,0.56
SBIN,1.68
SUNPHARMA,1.16
TCS,4.90
TATAMOTORS,0.53
TATASTEEL,0.63
TECHM,0.95
TITAN,0.95
UPL,0.58
ULTRACEMCO,0.93
WIPRO,0.83
ZEEL,0.38
,
,
,
,
,
,
,
,
,
,
,
,
,
,
,
,
,
Symbol\Weightage,['aug21.zip']
ADANIPORTS,0.74
ASIANPAINT,1.94
AXISBANK,2.73
BAJAJ-AUTO,0.65
BAJFINANCE,2.69
BAJAJFINSV,1.40
BPCL,0.59
BHARTIARTL,2.11
BRITANNIA,0.64
CIPLA,0.65
COALINDIA,0.41
DIVISLAB,0.89
DRREDDY,0.77
EICHERMOT,0.50
GRASIM,0.77
HCLTECH,1.73
HDFCBANK,9.29
HDFCLIFE,0.80
HEROMOTOCO,0.48
HINDALCO,0.92
HINDUNILVR,3.27
HDFC,6.79
ICICIBANK,6.70
ITC,2.49
IOC,0.38
INDUSINDBK,0.81
INFY,8.52
JSWSTEEL,0.90
KOTAKBANK,3.46
LT,2.72
M&M,1.02
MARUTI,1.23
NTPC,0.74
NESTLEIND,0.94
ONGC,0.59
POWERGRID,0.81
RELIANCE,9.83
SBILIFE,0.71
SHREECEM,0.51
SBIN,2.20
SUNPHARMA,1.15
TCS,5.28
TATACONSUM,0.70
TATAMOTORS,0.69
TATASTEEL,1.53
TECHM,1.21
TITAN,1.08
UPL,0.55
ULTRACEMCO,1.22
WIPRO,1.28
,
,
,
,
,
,
,
,
,
,
,
,
,
,
,
,
,
Symbol\Weightage,['dec12']
,%
ACC,0.71
AMBUJACEM,0.81
ASIANPAINT,1.07
AXISBANK,1.95
BAJAJ-AUTO,1.53
BANKBARODA,0.78
BHARTIARTL,2.02
BHEL,0.96
BPCL,0.49
CAIRN,1.00
CIPLA,1.12
COALINDIA,1.20
DLF,0.45
DRREDDY,1.23
GAIL,0.86
GRASIM,1.07
HCLTECH,0.87
HDFC,6.81
HDFCBANK,6.60
HEROMOTOCO,0.97
HINDALCO,0.90
HINDUNILVR,2.87
ICICIBANK,7.00
IDFC,1.13
INFY,5.97
ITC,8.35
JINDALSTEL,0.92
JPASSOCIAT,0.59
KOTAKBANK,1.30
LT,4.63
LUPIN,0.78
M&M,2.28
MARUTI,1.05
NTPC,1.07
ONGC,2.53
PNB,0.62
POWERGRID,0.87
RANBAXY,0.41
RELIANCE,7.39
RELINFRA,0.38
SBIN,3.28
SESAGOA,0.41
SIEMENS,0.33
SUNPHARMA,1.48
TATAMOTORS,2.95
TATAPOWER,0.95
TATASTEEL,1.52
TCS,3.42
ULTRACEMCO,1.05
WIPRO,1.09
,100.00
,
,
,
,
,
,
,
,
,
,
,
,
,
,
,
,
Symbol\Weightage,['dec13']
,%
ACC,0.501554093
AMBUJACEM,0.675552701
ASIANPAINT,1.073124251
AXISBANK,1.948068189
BAJAJ-AUTO,1.240153199
BANKBARODA,0.586438605
BHARTIARTL,1.900620464
BHEL,0.67589268
BPCL,0.434798386
CAIRN,0.926433891
CIPLA,0.983567798
COALINDIA,0.885852257
DLF,0.359600918
DRREDDY,1.552817023
GAIL,0.743577771
GRASIM,0.834633639
HCLTECH,1.628008598
HDFC,5.990325304
HDFCBANK,5.956142914
HEROMOTOCO,1.204114901
HINDALCO,0.762622804
HINDUNILVR,1.952756491
ICICIBANK,6.133444742
IDFC,0.665062126
INDUSINDBK,0.865508417
INFY,8.137341766
ITC,8.583922314
JINDALSTEL,0.482196909
JPASSOCIAT,0.320669771
KOTAKBANK,1.338447331
LT,4.214203442
LUPIN,1.047487494
M&M,2.10177152
MARUTI,1.12850318
NMDC,0.544032745
NTPC,1.365751914
ONGC,2.472149844
PNB,0.451109812
POWERGRID,1.064211435
RANBAXY,0.338489251
RELIANCE,7.115497819
SBIN,2.202318633
SSLT,1.207179375
SUNPHARMA,2.065933419
TATAMOTORS,3.271374545
TATAPOWER,0.707966003
TATASTEEL,1.367720967
TCS,5.358123669
ULTRACEMCO,0.866625992
WIPRO,1.766298689
,
,
,
,
,
,
,
,
,
,
,
,
,
,
,
,
,
Symbol\Weightage,['dec14.zip']
ACC,0.47
AMBUJACEM,0.63
ASIANPAINT,1.22
AXISBANK,3.01
BAJAJ-AUTO,1.17
BANKBARODA,0.73
BHARTIARTL,1.74
BHEL,0.86
BPCL,0.60
CAIRN,0.49
CIPLA,1.14
COALINDIA,0.90
DLF,0.22
DRREDDY,1.47
GAIL,0.74
GRASIM,0.77
HCLTECH,1.54
HDFC,6.38
HDFCBANK,6.37
HEROMOTOCO,1.33
HINDALCO,0.72
HINDUNILVR,1.92
ICICIBANK,7.30
IDFC,0.75
INDUSINDBK,1.24
INFY,6.80
ITC,7.34
JINDALSTEL,0.20
KOTAKBANK,1.94
LT,4.36
LUPIN,1.22
M&M,2.03
MARUTI,1.57
NMDC,0.41
NTPC,1.06
ONGC,2.19
PNB,0.58
POWERGRID,1.09
RELIANCE,5.24
SBIN,3.44
SSLT,0.85
SUNPHARMA,2.22
TATAMOTORS,3.18
TATAPOWER,0.53
TATASTEEL,0.95
TCS,4.67
TECHM,1.40
ULTRACEMCO,0.98
WIPRO,1.30
ZEEL,0.74
,
,
,
,
,
,
,
,
,
,
,
,
,
,
,
,
,
,
Symbol\Weightage,['dec15.zip']
ACC,0.45
ADANIPORTS,0.83
AMBUJACEM,0.55
ASIANPAINT,1.41
AXISBANK,2.65
BAJAJ-AUTO,1.22
BANKBARODA,0.52
BHEL,0.54
BPCL,0.81
BHARTIARTL,1.66
BOSCHLTD,0.6
CAIRN,0.28
CIPLA,1.16
COALINDIA,1.49
DRREDDY,1.39
GAIL,0.61
GRASIM,0.84
HCLTECH,1.68
HDFCBANK,7.55
HEROMOTOCO,1.16
HINDALCO,0.38
HINDUNILVR,2.16
HDFC,7.03
ITC,6.49
ICICIBANK,5.36
IDEA,0.57
INDUSINDBK,1.66
INFY,7.78
KOTAKBANK,2.61
LT,3.68
LUPIN,1.56
M&M,2.07
MARUTI,2.16
NTPC,1.06
ONGC,1.53
POWERGRID,1.1
PNB,0.3
RELIANCE,5.91
SBIN,2.45
SUNPHARMA,3.15
TCS,4.43
TATAMOTORS,2.67
TATAPOWER,0.43
TATASTEEL,0.61
TECHM,1.13
ULTRACEMCO,1
VEDL,0.35
WIPRO,1.27
YESBANK,0.84
ZEEL,0.84
,
,
,
,
,
,
,
,
,
,
,
,
,
,
,
,
,
Symbol\Weightage,['dec16.zip']
ACC,0.41
ADANIPORTS,0.76
AMBUJACEM,0.53
ASIANPAINT,1.33
AUROPHARMA,0.60
AXISBANK,2.53
BAJAJ-AUTO,1.19
BANKBARODA,0.48
BHEL,0.36
BPCL,1.10
BHARTIARTL,1.34
INFRATEL,0.61
BOSCHLTD,0.64
CIPLA,0.96
COALINDIA,1.26
DRREDDY,1.27
EICHERMOT,0.96
GAIL,0.68
GRASIM,0.92
HCLTECH,1.55
HDFCBANK,8.06
HEROMOTOCO,1.29
HINDALCO,0.66
HINDUNILVR,1.96
HDFC,6.64
ITC,6.80
ICICIBANK,4.93
IDEA,0.31
INDUSINDBK,1.84
INFY,6.70
KOTAKBANK,2.85
LT,3.67
LUPIN,1.18
M&M,1.83
MARUTI,2.35
NTPC,1.35
ONGC,1.71
POWERGRID,1.34
RELIANCE,5.94
SBIN,2.58
SUNPHARMA,2.26
TCS,4.18
TATAMTRDVR,0.50
TATAMOTORS,3.03
TATAPOWER,0.46
TATASTEEL,0.87
TECHM,1.01
ULTRACEMCO,1.12
WIPRO,1.01
YESBANK,1.26
ZEEL,0.82
,
,
,
,
,
,
,
,
,
,
,
,
,
,
,
,
,
Symbol\Weightage,['dec17.zip']
ADANIPORTS,0.76
AMBUJACEM,0.49
ASIANPAINT,1.28
AUROPHARMA,0.48
AXISBANK,2.36
BAJAJ-AUTO,1.11
BAJFINANCE,1.02
BPCL,0.99
BHARTIARTL,1.72
INFRATEL,0.72
BOSCHLTD,0.45
CIPLA,0.76
COALINDIA,0.84
DRREDDY,0.72
EICHERMOT,1.00
GAIL,0.79
HCLTECH,1.22
HDFCBANK,9.41
HEROMOTOCO,1.21
HINDALCO,0.98
HINDPETRO,0.77
HINDUNILVR,2.40
HDFC,6.71
ITC,5.52
ICICIBANK,4.96
IBULHSGFIN,0.95
IOC,0.97
INDUSINDBK,2.06
INFY,5.12
KOTAKBANK,3.31
LT,3.81
LUPIN,0.52
M&M,1.72
MARUTI,3.18
NTPC,1.33
ONGC,1.35
POWERGRID,1.08
RELIANCE,7.80
SBIN,2.83
SUNPHARMA,1.55
TCS,3.30
TATAMOTORS,1.96
TATASTEEL,1.21
TECHM,0.77
UPL,0.69
ULTRACEMCO,1.11
VEDL,1.51
WIPRO,0.98
YESBANK,1.42
ZEEL,0.78
,
,
,
,
,
,
,
,
,
,
,
,
,
,
,
,
,
Symbol\Weightage,['dec18.zip']
ADANIPORTS,0.70
ASIANPAINT,1.42
AXISBANK,2.53
BAJAJ-AUTO,0.85
BAJFINANCE,1.44
BAJAJFINSV,0.90
BPCL,0.67
BHARTIARTL,0.95
INFRATEL,0.51
CIPLA,0.61
COALINDIA,0.93
DRREDDY,0.73
EICHERMOT,0.74
GAIL,0.75
GRASIM,0.75
HCLTECH,1.24
HDFCBANK,10.48
HEROMOTOCO,0.93
HINDALCO,0.76
HINDPETRO,0.44
HINDUNILVR,2.99
HDFC,7.46
ITC,5.55
ICICIBANK,5.34
IBULHSGFIN,0.65
IOC,0.77
INDUSINDBK,1.88
INFY,5.76
JSWSTEEL,0.72
KOTAKBANK,3.86
LT,4.08
M&M,1.72
MARUTI,2.28
NTPC,1.16
ONGC,1.06
POWERGRID,1.05
RELIANCE,8.83
SBIN,2.55
SUNPHARMA,1.09
TCS,4.58
TATAMOTORS,0.72
TATASTEEL,0.90
TECHM,1.04
TITAN,0.89
UPL,0.64
ULTRACEMCO,0.96
VEDL,0.86
WIPRO,0.86
YESBANK,0.77
ZEEL,0.61
,
,
,
,
,
,
,
,
,
,
,
,
,
,
,
,
,
Symbol\Weightage,['dec19.zip']
ADANIPORTS,0.56
ASIANPAINT,1.61
AXISBANK,3.35
BAJAJ-AUTO,0.83
BAJFINANCE,2.19
BAJAJFINSV,1.13
BPCL,0.79
BHARTIARTL,1.73
INFRATEL,0.43
BRITANNIA,0.71
CIPLA,0.48
COALINDIA,0.81
DRREDDY,0.70
EICHERMOT,0.63
GAIL,0.45
GRASIM,0.59
HCLTECH,1.23
HDFCBANK,10.98
HEROMOTOCO,0.63
HINDALCO,0.63
HINDUNILVR,2.74
HDFC,8.31
ICICIBANK,6.95
ITC,4.14
IOC,0.64
INDUSINDBK,1.82
INFY,5.34
JSWSTEEL,0.55
KOTAKBANK,4.49
LT,3.20
M&M,1.01
MARUTI,1.95
NTPC,1.06
NESTLEIND,1.05
ONGC,0.87
POWERGRID,0.89
RELIANCE,9.76
SBIN,2.55
SUNPHARMA,0.93
TCS,4.53
TATAMOTORS,0.66
TATASTEEL,0.71
TECHM,0.94
TITAN,0.99
UPL,0.64
ULTRACEMCO,0.91
VEDL,0.55
WIPRO,0.73
YESBANK,0.21
ZEEL,0.44
,
,
,
,
,
,
,
,
,
,
,
,
,
,
,
,
,
Symbol\Weightage,['dec20.zip']
ADANIPORTS,0.59
ASIANPAINT,2.07
AXISBANK,2.55
BAJAJ-AUTO,0.74
BAJFINANCE,2.33
BAJAJFINSV,0.89
BPCL,0.51
BHARTIARTL,2.03
BRITANNIA,0.70
CIPLA,0.69
COALINDIA,0.47
DIVISLAB,0.81
DRREDDY,1.05
EICHERMOT,0.59
GAIL,0.38
GRASIM,0.61
HCLTECH,1.70
HDFCBANK,10.37
HDFCLIFE,0.88
HEROMOTOCO,0.67
HINDALCO,0.58
HINDUNILVR,3.55
HDFC,7.61
ICICIBANK,6.12
ITC,3.03
IOC,0.38
INDUSINDBK,0.84
INFY,7.64
JSWSTEEL,0.64
KOTAKBANK,4.85
LT,2.61
M&M,1.15
MARUTI,1.69
NTPC,0.80
NESTLEIND,1.09
ONGC,0.56
POWERGRID,0.81
RELIANCE,10.66
SBILIFE,0.59
SHREECEM,0.53
SBIN,1.75
SUNPHARMA,1.06
TCS,4.99
TATAMOTORS,0.55
TATASTEEL,0.81
TECHM,1.00
TITAN,1.09
UPL,0.43
ULTRACEMCO,1.01
WIPRO,0.95
,
,
,
,
,
,
,
,
,
,
,
,
,
,
,
,
,
Symbol\Weightage,['feb12']
,%
ACC,0.74
AMBUJACEM,0.74
AXISBANK,1.86
BAJAJ-AUTO,1.48
BHARTIARTL,2.56
BHEL,1.48
BPCL,0.52
CAIRN,0.82
CIPLA,0.98
COALINDIA,1.29
DLF,0.50
DRREDDY,1.27
GAIL,1.03
GRASIM,1.07
HCLTECH,0.73
HDFC,5.39
HDFCBANK,5.68
HEROMOTOCO,1.13
HINDALCO,1.17
HINDUNILVR,2.38
ICICIBANK,6.38
IDFC,1.02
INFY,8.50
ITC,6.83
JINDALSTEL,1.38
JPASSOCIAT,0.53
KOTAKBANK,1.24
LT,4.30
M&M,1.99
MARUTI,1.01
NTPC,1.41
ONGC,2.42
PNB,0.78
POWERGRID,0.98
RANBAXY,0.40
RCOM,0.38
RELIANCE,8.46
RELINFRA,0.49
RPOWER,0.40
SAIL,0.37
SBIN,3.54
SESAGOA,0.51
SIEMENS,0.41
STER,1.07
SUNPHARMA,1.26
TATAMOTORS,2.89
TATAPOWER,1.14
TATASTEEL,1.92
TCS,3.79
WIPRO,1.35
,100.00
,
,
,
,
,
,
,
,
,
,
,
,
,
,
,
,
Symbol\Weightage,['feb13']
,%
ACC,0.65
AMBUJACEM,0.8
ASIANPAINT,1.07
AXISBANK,2.33
BAJAJ-AUTO,1.46
BANKBARODA,0.65
BHARTIARTL,2.13
BHEL,0.88
BPCL,0.53
CAIRN,0.97
CIPLA,1.01
COALINDIA,1.08
DLF,0.56
DRREDDY,1.22
GAIL,0.82
GRASIM,1.03
HCLTECH,1.05
HDFC,6.44
HDFCBANK,6.3
HEROMOTOCO,0.88
HINDALCO,0.7
HINDUNILVR,2.51
ICICIBANK,6.61
IDFC,1.02
INFY,7.73
ITC,8.88
JINDALSTEL,0.74
JPASSOCIAT,0.45
KOTAKBANK,1.37
LT,4.07
LUPIN,0.77
M&M,2.21
MARUTI,0.99
NTPC,1.06
ONGC,3.06
PNB,0.58
POWERGRID,0.81
RANBAXY,0.32
RELIANCE,7.36
RELINFRA,0.31
SBIN,2.96
SESAGOA,0.33
SIEMENS,0.25
SUNPHARMA,1.66
TATAMOTORS,2.8
TATAPOWER,0.84
TATASTEEL,1.25
TCS,4.26
ULTRACEMCO,1.04
WIPRO,1.2
,100
,
,
,
,
,
,
,
,
,
,
,
,
,
,
,
,
Symbol\Weightage,['feb14']
,%
ACC,0.500175804
AMBUJACEM,0.622437166
ASIANPAINT,1.036646366
AXISBANK,1.90289363
BAJAJ-AUTO,1.264111086
BANKBARODA,0.510750646
BHARTIARTL,1.656368703
BHEL,0.641398586
BPCL,0.472760141
CAIRN,0.928760004
CIPLA,0.943762099
COALINDIA,0.745879522
DLF,0.305094749
DRREDDY,1.77530632
GAIL,0.805965066
GRASIM,0.781929477
HCLTECH,2.039070558
HDFC,6.183215169
HDFCBANK,6.003917975
HEROMOTOCO,1.142194544
HINDALCO,0.655796987
HINDUNILVR,1.88101375
ICICIBANK,5.832362286
IDFC,0.571151262
INDUSINDBK,0.818983748
INFY,8.935703449
ITC,8.762107959
JINDALSTEL,0.432775442
JPASSOCIAT,0.24695027
KOTAKBANK,1.261727651
LT,4.373047398
LUPIN,1.149845631
M&M,2.171559417
MARUTI,1.017345068
NMDC,0.489179658
NTPC,1.121329173
ONGC,2.494926932
PNB,0.39793172
POWERGRID,1.007418219
RANBAXY,0.274517701
RELIANCE,6.364927587
SBIN,2.293730732
SSLT,1.062695204
SUNPHARMA,2.348886059
TATAMOTORS,3.62644698
TATAPOWER,0.611146922
TATASTEEL,1.109298108
TCS,5.631197795
ULTRACEMCO,0.904345829
WIPRO,1.889013453
,
,
,
,
,
,
,
,
,
,
,
,
,
,
,
,
,
Symbol\Weightage,['feb15.zip']
ACC,0.52
AMBUJACEM,0.69
ASIANPAINT,1.22
AXISBANK,3.42
BAJAJ-AUTO,0.95
BANKBARODA,0.57
BHARTIARTL,1.62
BHEL,0.78
BPCL,0.63
CAIRN,0.48
CIPLA,1.14
COALINDIA,1.66
DLF,0.23
DRREDDY,1.40
GAIL,0.63
GRASIM,0.78
HCLTECH,1.80
HDFC,6.90
HDFCBANK,6.60
HEROMOTOCO,1.06
HINDALCO,0.65
HINDUNILVR,2.12
ICICIBANK,6.59
IDFC,0.76
INDUSINDBK,1.30
INFY,7.53
ITC,6.63
JINDALSTEL,0.23
KOTAKBANK,1.97
LT,4.75
LUPIN,1.38
M&M,1.96
MARUTI,1.57
NMDC,0.36
NTPC,1.06
ONGC,1.92
PNB,0.41
POWERGRID,1.14
RELIANCE,4.69
SBIN,3.06
SSLT,0.79
SUNPHARMA,2.25
TATAMOTORS,3.50
TATAPOWER,0.52
TATASTEEL,0.78
TCS,4.50
TECHM,1.43
ULTRACEMCO,1.06
WIPRO,1.42
ZEEL,0.62
,
,
,
,
,
,
,
,
,
,
,
,
,
,
,
,
,
,
Symbol\Weightage,['feb16.zip']
ACC,0.45
ADANIPORTS,0.72
AMBUJACEM,0.58
ASIANPAINT,1.53
AXISBANK,2.51
BAJAJ-AUTO,1.22
BANKBARODA,0.50
BHEL,0.33
BPCL,0.80
BHARTIARTL,1.72
BOSCHLTD,0.61
CAIRN,0.27
CIPLA,1.04
COALINDIA,1.57
DRREDDY,1.53
GAIL,0.57
GRASIM,0.86
HCLTECH,1.84
HDFCBANK,7.67
HEROMOTOCO,1.26
HINDALCO,0.35
HINDUNILVR,2.37
HDFC,6.70
ITC,6.66
ICICIBANK,4.42
IDEA,0.47
INDUSINDBK,1.62
INFY,8.67
KOTAKBANK,2.59
LT,3.53
LUPIN,1.68
M&M,2.26
MARUTI,1.72
NTPC,0.99
ONGC,1.40
POWERGRID,1.14
PNB,0.21
RELIANCE,6.39
SBIN,1.97
SUNPHARMA,3.70
TCS,4.64
TATAMOTORS,2.32
TATAPOWER,0.42
TATASTEEL,0.67
TECHM,1.03
ULTRACEMCO,1.13
VEDL,0.31
WIPRO,1.34
YESBANK,0.90
ZEEL,0.82
,
,
,
,
,
,
,
,
,
,
,
,
,
,
,
,
,
Symbol\Weightage,['feb17.zip']
ACC,0.36
ADANIPORTS,0.74
AMBUJACEM,0.52
ASIANPAINT,1.41
AUROPHARMA,0.58
AXISBANK,2.63
BAJAJ-AUTO,1.15
BANKBARODA,0.48
BHEL,0.45
BPCL,1.07
BHARTIARTL,1.47
INFRATEL,0.45
BOSCHLTD,0.60
CIPLA,0.90
COALINDIA,1.28
DRREDDY,1.05
EICHERMOT,0.98
GAIL,0.76
GRASIM,0.97
HCLTECH,1.45
HDFCBANK,8.59
HEROMOTOCO,1.23
HINDALCO,0.72
HINDUNILVR,1.89
HDFC,6.64
ITC,6.80
ICICIBANK,4.92
IDEA,0.43
INDUSINDBK,2.02
INFY,6.18
KOTAKBANK,2.93
LT,3.69
LUPIN,1.08
M&M,1.87
MARUTI,2.41
NTPC,1.23
ONGC,1.67
POWERGRID,1.29
RELIANCE,6.26
SBIN,2.62
SUNPHARMA,2.29
TCS,4.01
TATAMTRDVR,0.43
TATAMOTORS,2.62
TATAPOWER,0.46
TATASTEEL,0.99
TECHM,0.95
ULTRACEMCO,1.20
WIPRO,0.94
YESBANK,1.47
ZEEL,0.85
,
,
,
,
,
,
,
,
,
,
,
,
,
,
,
,
,
Symbol\Weightage,['feb18.zip']
ADANIPORTS,0.77
AMBUJACEM,0.46
ASIANPAINT,1.24
AUROPHARMA,0.43
AXISBANK,2.08
BAJAJ-AUTO,1.01
BAJFINANCE,0.96
BPCL,0.83
BHARTIARTL,1.40
INFRATEL,0.67
BOSCHLTD,0.42
CIPLA,0.74
COALINDIA,1.00
DRREDDY,0.67
EICHERMOT,0.90
GAIL,0.73
HCLTECH,1.29
HDFCBANK,9.52
HEROMOTOCO,1.15
HINDALCO,0.88
HINDPETRO,0.70
HINDUNILVR,2.32
HDFC,7.13
ITC,5.59
ICICIBANK,4.97
IBULHSGFIN,1.00
IOC,0.96
INDUSINDBK,2.12
INFY,5.79
KOTAKBANK,3.59
LT,4.01
LUPIN,0.49
M&M,1.68
MARUTI,2.91
NTPC,1.23
ONGC,1.31
POWERGRID,1.07
RELIANCE,8.13
SBIN,2.46
SUNPHARMA,1.46
TCS,3.73
TATAMOTORS,1.69
TATASTEEL,1.29
TECHM,0.95
UPL,0.66
ULTRACEMCO,1.07
VEDL,1.51
WIPRO,0.82
YESBANK,1.46
ZEEL,0.76
,
,
,
,
,
,
,
,
,
,
,
,
,
,
,
,
,
Symbol\Weightage,['feb19.zip']
ADANIPORTS,0.59
ASIANPAINT,1.47
AXISBANK,2.91
BAJAJ-AUTO,0.91
BAJFINANCE,1.45
BAJAJFINSV,0.91
BPCL,0.63
BHARTIARTL,0.97
INFRATEL,0.58
CIPLA,0.65
COALINDIA,0.89
DRREDDY,0.74
EICHERMOT,0.64
GAIL,0.71
GRASIM,0.71
HCLTECH,1.36
HDFCBANK,10.33
HEROMOTOCO,0.79
HINDALCO,0.66
HINDPETRO,0.39
HINDUNILVR,2.87
HDFC,7.03
ITC,5.48
ICICIBANK,5.22
IBULHSGFIN,0.51
IOC,0.81
INDUSINDBK,1.75
INFY,6.46
JSWSTEEL,0.66
KOTAKBANK,3.75
LT,3.69
M&M,1.39
MARUTI,2.10
NTPC,1.11
ONGC,1.06
POWERGRID,0.97
RELIANCE,9.76
SBIN,2.34
SUNPHARMA,1.14
TCS,4.83
TATAMOTORS,0.75
TATASTEEL,0.87
TECHM,1.21
TITAN,0.99
UPL,0.75
ULTRACEMCO,0.92
VEDL,0.73
WIPRO,0.97
YESBANK,0.99
ZEEL,0.60
,
,
,
,
,
,
,
,
,
,
,
,
,
,
,
,
,
Symbol\Weightage,['feb20.zip']
ADANIPORTS,0.57
ASIANPAINT,1.75
AXISBANK,3.35
BAJAJ-AUTO,0.81
BAJFINANCE,2.50
BAJAJFINSV,1.18
BPCL,0.74
BHARTIARTL,2.53
INFRATEL,0.39
BRITANNIA,0.76
CIPLA,0.44
COALINDIA,0.69
DRREDDY,0.77
EICHERMOT,0.50
GAIL,0.42
GRASIM,0.59
HCLTECH,1.25
HDFCBANK,11.00
HEROMOTOCO,0.58
HINDALCO,0.49
HINDUNILVR,3.36
HDFC,8.11
ICICIBANK,6.95
ITC,3.72
IOC,0.58
INDUSINDBK,1.44
INFY,5.79
JSWSTEEL,0.52
KOTAKBANK,4.68
LT,3.17
M&M,0.94
MARUTI,1.80
NTPC,1.02
NESTLEIND,1.22
ONGC,0.67
POWERGRID,0.92
RELIANCE,9.28
SBIN,2.51
SUNPHARMA,0.87
TCS,4.54
TATAMOTORS,0.50
TATASTEEL,0.62
TECHM,0.99
TITAN,1.13
UPL,0.62
ULTRACEMCO,1.03
VEDL,0.45
WIPRO,0.71
YESBANK,0.17
ZEEL,0.39
,
,
,
,
,
,
,
,
,
,
,
,
,
,
,
,
,
Symbol\Weightage,['feb21.zip']
ADANIPORTS,0.79
ASIANPAINT,1.64
AXISBANK,2.87
BAJAJ-AUTO,0.79
BAJFINANCE,2.23
BAJAJFINSV,0.93
BPCL,0.58
BHARTIARTL,2.13
BRITANNIA,0.63
CIPLA,0.64
COALINDIA,0.51
DIVISLAB,0.68
DRREDDY,0.86
EICHERMOT,0.56
GAIL,0.42
GRASIM,0.74
HCLTECH,1.58
HDFCBANK,10.66
HDFCLIFE,0.88
HEROMOTOCO,0.67
HINDALCO,0.79
HINDUNILVR,3.04
HDFC,7.29
ICICIBANK,6.59
ITC,2.84
IOC,0.40
INDUSINDBK,0.96
INFY,7.42
JSWSTEEL,0.61
KOTAKBANK,4.16
LT,2.78
M&M,1.23
MARUTI,1.46
NTPC,0.83
NESTLEIND,0.92
ONGC,0.65
POWERGRID,0.88
RELIANCE,10.77
SBILIFE,0.54
SHREECEM,0.56
SBIN,2.39
SUNPHARMA,1.03
TCS,4.86
TATAMOTORS,0.92
TATASTEEL,0.86
TECHM,0.91
TITAN,0.94
UPL,0.49
ULTRACEMCO,1.13
WIPRO,0.97
,
,
,
,
,
,
,
,
,
,
,
,
,
,
,
,
,
Symbol\Weightage,['jan12']
,%
ACC,0.7
AMBUJACEM,0.77
AXISBANK,1.76
BAJAJ-AUTO,1.36
BHARTIARTL,2.78
BHEL,1.25
BPCL,0.47
CAIRN,0.78
CIPLA,1.12
COALINDIA,1.31
DLF,0.5
DRREDDY,1.35
GAIL,1.06
GRASIM,1.05
HCLTECH,0.68
HDFC,5.87
HDFCBANK,5.6
HEROMOTOCO,1.12
HINDALCO,1.19
HINDUNILVR,2.46
ICICIBANK,6.58
IDFC,1
INFY,8.38
ITC,6.94
JINDALSTEL,1.33
JPASSOCIAT,0.5
KOTAKBANK,1.17
LT,4.46
M&M,1.96
MARUTI,0.99
NTPC,1.39
ONGC,2.36
PNB,0.79
POWERGRID,0.93
RANBAXY,0.44
RCOM,0.42
RELIANCE,8.73
RELINFRA,0.46
RPOWER,0.35
SAIL,0.38
SBIN,3.36
SESAGOA,0.54
SIEMENS,0.39
STER,1.03
SUNPHARMA,1.3
TATAMOTORS,2.7
TATAPOWER,1.06
TATASTEEL,1.9
TCS,3.64
WIPRO,1.34
,100
,
,
,
,
,
,
,
,
,
,
,
,
,
,
,
,
Symbol\Weightage,['jan13']
,%
ACC,0.64
AMBUJACEM,0.81
ASIANPAINT,1.06
AXISBANK,2.12
BAJAJ-AUTO,1.42
BANKBARODA,0.76
BHARTIARTL,2.12
BHEL,0.94
BPCL,0.55
CAIRN,1
CIPLA,1.08
COALINDIA,1.17
DLF,0.53
DRREDDY,1.26
GAIL,0.8
GRASIM,1
HCLTECH,0.94
HDFC,6.33
HDFCBANK,6.12
HEROMOTOCO,0.91
HINDALCO,0.78
HINDUNILVR,2.54
ICICIBANK,7.17
IDFC,1.09
INFY,7.02
ITC,8.77
JINDALSTEL,0.84
JPASSOCIAT,0.52
KOTAKBANK,1.33
LT,4.35
LUPIN,0.75
M&M,2.13
MARUTI,1.09
NTPC,1.05
ONGC,3.14
PNB,0.63
POWERGRID,0.81
RANBAXY,0.36
RELIANCE,7.61
RELINFRA,0.36
SBIN,3.28
SESAGOA,0.38
SIEMENS,0.32
SUNPHARMA,1.41
TATAMOTORS,2.75
TATAPOWER,0.85
TATASTEEL,1.41
TCS,3.58
ULTRACEMCO,0.99
WIPRO,1.12
,100
,
,
,
,
,
,
,
,
,
,
,
,
,
,
,
,
Symbol\Weightage,['jan14']
,%
ACC,0.473704319
AMBUJACEM,0.610016889
ASIANPAINT,1.070178665
AXISBANK,1.743943672
BAJAJ-AUTO,1.278443543
BANKBARODA,0.516091369
BHARTIARTL,1.8780174
BHEL,0.683761194
BPCL,0.469588587
CAIRN,0.96156898
CIPLA,1.043835389
COALINDIA,0.783045935
DLF,0.307272981
DRREDDY,1.65620068
GAIL,0.806311382
GRASIM,0.817135556
HCLTECH,1.953528546
HDFC,6.31540327
HDFCBANK,5.82713111
HEROMOTOCO,1.183622889
HINDALCO,0.705940637
HINDUNILVR,2.021010875
ICICIBANK,5.711974542
IDFC,0.585900582
INDUSINDBK,0.818068146
INFY,8.950887165
ITC,8.986842163
JINDALSTEL,0.47480214
JPASSOCIAT,0.24556276
KOTAKBANK,1.251514867
LT,4.021606838
LUPIN,1.053886299
M&M,2.052794994
MARUTI,1.084463576
NMDC,0.575900068
NTPC,1.305889913
ONGC,2.442666339
PNB,0.418400165
POWERGRID,1.053906996
RANBAXY,0.250552619
RELIANCE,6.843859871
SBIN,1.968091175
SSLT,1.166662748
SUNPHARMA,2.220338756
TATAMOTORS,3.147223492
TATAPOWER,0.593715672
TATASTEEL,1.189253159
TCS,5.727049596
ULTRACEMCO,0.870645932
WIPRO,1.881785562
,
,
,
,
,
,
,
,
,
,
,
,
,
,
,
,
,
Symbol\Weightage,['jan15.zip']
ACC,0.49
AMBUJACEM,0.64
ASIANPAINT,1.3
AXISBANK,3.32
BAJAJ-AUTO,1.08
BANKBARODA,0.61
BHARTIARTL,1.74
BHEL,0.89
BPCL,0.65
CAIRN,0.44
CIPLA,1.19
COALINDIA,0.79
DLF,0.26
DRREDDY,1.38
GAIL,0.66
GRASIM,0.83
HCLTECH,1.63
HDFC,6.66
HDFCBANK,6.78
HEROMOTOCO,1.15
HINDALCO,0.6
HINDUNILVR,2.22
ICICIBANK,7.01
IDFC,0.77
INDUSINDBK,1.26
INFY,6.94
ITC,6.9
JINDALSTEL,0.19
KOTAKBANK,1.91
LT,4.66
LUPIN,1.27
M&M,1.96
MARUTI,1.62
NMDC,0.38
NTPC,1
ONGC,2.12
PNB,0.47
POWERGRID,1.09
RELIANCE,5.06
SBIN,3.21
SSLT,0.75
SUNPHARMA,2.32
TATAMOTORS,3.53
TATAPOWER,0.55
TATASTEEL,0.87
TCS,4.26
TECHM,1.48
ULTRACEMCO,1.08
WIPRO,1.34
ZEEL,0.69
,
,
,
,
,
,
,
,
,
,
,
,
,
,
,
,
,
,
Symbol\Weightage,['jan16.zip']
ACC,0.43
ADANIPORTS,0.71
AMBUJACEM,0.56
ASIANPAINT,1.46
AXISBANK,2.54
BAJAJ-AUTO,1.18
BANKBARODA,0.44
BHEL,0.46
BPCL,0.85
BHARTIARTL,1.48
BOSCHLTD,0.59
CAIRN,0.26
CIPLA,1.10
COALINDIA,1.52
DRREDDY,1.46
GAIL,0.63
GRASIM,0.80
HCLTECH,1.78
HDFCBANK,7.70
HEROMOTOCO,1.16
HINDALCO,0.34
HINDUNILVR,2.15
HDFC,6.90
ITC,6.67
ICICIBANK,4.95
IDEA,0.43
INDUSINDBK,1.68
INFY,8.61
KOTAKBANK,2.61
LT,3.34
LUPIN,1.53
M&M,2.11
MARUTI,2.01
NTPC,1.09
ONGC,1.50
POWERGRID,1.21
PNB,0.25
RELIANCE,6.33
SBIN,2.06
SUNPHARMA,3.52
TCS,4.56
TATAMOTORS,2.41
TATAPOWER,0.40
TATASTEEL,0.62
TECHM,1.14
ULTRACEMCO,1.08
VEDL,0.29
WIPRO,1.34
YESBANK,0.90
ZEEL,0.85
,
,
,
,
,
,
,
,
,
,
,
,
,
,
,
,
,
Symbol\Weightage,['jan17.zip']
ADANIPORTS,0.77
AMBUJACEM,0.45
ASIANPAINT,1.20
AUROPHARMA,0.42
AXISBANK,2.22
BAJAJ-AUTO,1.07
BAJFINANCE,0.93
BPCL,0.90
BHARTIARTL,1.36
INFRATEL,0.64
BOSCHLTD,0.42
CIPLA,0.71
COALINDIA,0.92
DRREDDY,0.63
EICHERMOT,0.84
GAIL,0.72
HCLTECH,1.29
HDFCBANK,9.64
HEROMOTOCO,1.13
HINDALCO,0.88
HINDPETRO,0.70
HINDUNILVR,2.30
HDFC,7.34
ITC,5.44
ICICIBANK,5.33
IBULHSGFIN,1.06
IOC,1.00
INDUSINDBK,2.10
INFY,5.40
KOTAKBANK,3.47
LT,4.10
LUPIN,0.50
M&M,1.67
MARUTI,2.97
NTPC,1.22
ONGC,1.35
POWERGRID,1.00
RELIANCE,7.79
SBIN,2.73
SUNPHARMA,1.50
TCS,3.64
TATAMOTORS,1.74
TATASTEEL,1.29
TECHM,0.90
UPL,0.65
ULTRACEMCO,1.07
VEDL,1.49
WIPRO,0.81
YESBANK,1.53
ZEEL,0.76
,
,
,
,
,
,
,
,
,
,
,
,
,
,
,
,
,
Symbol\Weightage,['jan18.zip']
ADANIPORTS,0.77
AMBUJACEM,0.45
ASIANPAINT,1.20
AUROPHARMA,0.42
AXISBANK,2.22
BAJAJ-AUTO,1.07
BAJFINANCE,0.93
BPCL,0.90
BHARTIARTL,1.36
INFRATEL,0.64
BOSCHLTD,0.42
CIPLA,0.71
COALINDIA,0.92
DRREDDY,0.63
EICHERMOT,0.84
GAIL,0.72
HCLTECH,1.29
HDFCBANK,9.64
HEROMOTOCO,1.13
HINDALCO,0.88
HINDPETRO,0.70
HINDUNILVR,2.30
HDFC,7.34
ITC,5.44
ICICIBANK,5.33
IBULHSGFIN,1.06
IOC,1.00
INDUSINDBK,2.10
INFY,5.40
KOTAKBANK,3.47
LT,4.10
LUPIN,0.50
M&M,1.67
MARUTI,2.97
NTPC,1.22
ONGC,1.35
POWERGRID,1.00
RELIANCE,7.79
SBIN,2.73
SUNPHARMA,1.50
TCS,3.64
TATAMOTORS,1.74
TATASTEEL,1.29
TECHM,0.90
UPL,0.65
ULTRACEMCO,1.07
VEDL,1.49
WIPRO,0.81
YESBANK,1.53
ZEEL,0.76
,
,
,
,
,
,
,
,
,
,
,
,
,
,
,
,
,
Symbol\Weightage,['jan19.zip']
ADANIPORTS,0.62
ASIANPAINT,1.47
AXISBANK,2.96
BAJAJ-AUTO,0.80
BAJFINANCE,1.41
BAJAJFINSV,0.85
BPCL,0.64
BHARTIARTL,0.93
INFRATEL,0.57
CIPLA,0.61
COALINDIA,0.87
DRREDDY,0.76
EICHERMOT,0.61
GAIL,0.69
GRASIM,0.66
HCLTECH,1.29
HDFCBANK,10.31
HEROMOTOCO,0.78
HINDALCO,0.70
HINDPETRO,0.40
HINDUNILVR,2.91
HDFC,7.31
ITC,5.51
ICICIBANK,5.42
IBULHSGFIN,0.51
IOC,0.77
INDUSINDBK,1.78
INFY,6.57
JSWSTEEL,0.64
KOTAKBANK,3.87
LT,3.74
M&M,1.46
MARUTI,2.04
NTPC,1.09
ONGC,1.00
POWERGRID,1.00
RELIANCE,9.69
SBIN,2.54
SUNPHARMA,1.08
TCS,4.88
TATAMOTORS,0.76
TATASTEEL,0.83
TECHM,1.06
TITAN,0.96
UPL,0.67
ULTRACEMCO,0.85
VEDL,0.85
WIPRO,0.96
YESBANK,0.83
ZEEL,0.49
,
,
,
,
,
,
,
,
,
,
,
,
,
,
,
,
,
Symbol\Weightage,['jan20.zip']
ADANIPORTS,0.58
ASIANPAINT,1.64
AXISBANK,3.28
BAJAJ-AUTO,0.84
BAJFINANCE,2.28
BAJAJFINSV,1.15
BPCL,0.74
BHARTIARTL,2.25
INFRATEL,0.43
BRITANNIA,0.76
CIPLA,0.46
COALINDIA,0.70
DRREDDY,0.76
EICHERMOT,0.57
GAIL,0.45
GRASIM,0.62
HCLTECH,1.30
HDFCBANK,10.73
HEROMOTOCO,0.66
HINDALCO,0.56
HINDUNILVR,2.94
HDFC,8.42
ICICIBANK,6.87
ITC,4.15
IOC,0.58
INDUSINDBK,1.53
INFY,5.75
JSWSTEEL,0.51
KOTAKBANK,4.58
LT,3.42
M&M,1.10
MARUTI,1.86
NTPC,1.02
NESTLEIND,1.11
ONGC,0.75
POWERGRID,0.89
RELIANCE,9.23
SBIN,2.47
SUNPHARMA,0.95
TCS,4.42
TATAMOTORS,0.64
TATASTEEL,0.67
TECHM,0.99
TITAN,1.00
UPL,0.59
ULTRACEMCO,1.01
VEDL,0.51
WIPRO,0.71
YESBANK,0.18
ZEEL,0.41
,
,
,
,
,
,
,
,
,
,
,
,
,
,
,
,
,
Symbol\Weightage,['jan21.zip']
ADANIPORTS,0.63
ASIANPAINT,1.85
AXISBANK,2.80
BAJAJ-AUTO,0.89
BAJFINANCE,2.14
BAJAJFINSV,0.90
BPCL,0.52
BHARTIARTL,2.26
BRITANNIA,0.70
CIPLA,0.71
COALINDIA,0.45
DIVISLAB,0.73
DRREDDY,0.95
EICHERMOT,0.65
GAIL,0.39
GRASIM,0.70
HCLTECH,1.69
HDFCBANK,10.29
HDFCLIFE,0.91
HEROMOTOCO,0.72
HINDALCO,0.56
HINDUNILVR,3.44
HDFC,7.27
ICICIBANK,6.31
ITC,3.02
IOC,0.40
INDUSINDBK,0.82
INFY,7.81
JSWSTEEL,0.60
KOTAKBANK,4.27
LT,2.74
M&M,1.22
MARUTI,1.63
NTPC,0.73
NESTLEIND,1.04
ONGC,0.55
POWERGRID,0.80
RELIANCE,10.13
SBILIFE,0.57
SHREECEM,0.52
SBIN,1.84
SUNPHARMA,1.08
TCS,5.56
TATAMOTORS,0.80
TATASTEEL,0.77
TECHM,1.01
TITAN,1.01
UPL,0.52
ULTRACEMCO,1.05
WIPRO,1.06
,
,
,
,
,
,
,
,
,
,
,
,
,
,
,
,
,
Symbol\Weightage,['jul12']
,%
ACC,0.76
AMBUJACEM,0.84
ASIANPAINT,1.01
AXISBANK,1.66
BAJAJ-AUTO,1.32
BANKBARODA,0.75
BHARTIARTL,2.20
BHEL,1.04
BPCL,0.57
CAIRN,0.75
CIPLA,1.05
COALINDIA,1.39
DLF,0.47
DRREDDY,1.25
GAIL,0.97
GRASIM,1.12
HCLTECH,0.80
HDFC,6.30
HDFCBANK,6.51
HEROMOTOCO,1.17
HINDALCO,0.95
HINDUNILVR,2.94
ICICIBANK,6.78
IDFC,1.01
INFY,6.57
ITC,8.54
JINDALSTEL,0.94
JPASSOCIAT,0.51
KOTAKBANK,1.22
LT,4.51
M&M,1.97
MARUTI,0.92
NTPC,1.23
ONGC,3.10
PNB,0.59
POWERGRID,1.03
RANBAXY,0.47
RELIANCE,7.63
RELINFRA,0.41
SAIL,0.31
SBIN,3.16
SESAGOA,0.45
SIEMENS,0.35
STER,0.92
SUNPHARMA,1.50
TATAMOTORS,2.44
TATAPOWER,0.97
TATASTEEL,1.69
TCS,3.88
WIPRO,1.07
,100.00
,
,
,
,
,
,
,
,
,
,
,
,
,
,
,
,
Symbol\Weightage,['jul13']
,%
ACC,0.6
AMBUJACEM,0.7
ASIANPAINT,1.26
AXISBANK,1.75
BAJAJ-AUTO,1.42
BANKBARODA,0.58
BHARTIARTL,2.25
BHEL,0.68
BPCL,0.46
CAIRN,0.95
CIPLA,1.11
COALINDIA,0.97
DLF,0.31
DRREDDY,1.58
GAIL,0.74
GRASIM,0.92
HCLTECH,1.36
HDFC,6.81
HDFCBANK,6.15
HEROMOTOCO,0.95
HINDALCO,0.63
HINDUNILVR,2.37
ICICIBANK,5.74
IDFC,0.74
INDUSINDBK,0.9
INFY,7.83
ITC,10.26
JINDALSTEL,0.42
JPASSOCIAT,0.24
KOTAKBANK,1.39
LT,3.77
LUPIN,1.13
M&M,2.3
MARUTI,0.96
NMDC,0.42
NTPC,1.47
ONGC,2.81
PNB,0.46
POWERGRID,0.78
RANBAXY,0.24
RELIANCE,7.83
RELINFRA,0.25
SBIN,2.41
SESAGOA,0.27
SUNPHARMA,2.33
TATAMOTORS,2.84
TATAPOWER,0.77
TATASTEEL,0.79
TCS,5.06
ULTRACEMCO,1.02
,100
,
,
,
,
,
,
,
,
,
,
,
,
,
,
,
,
Symbol\Weightage,['jul14.zip']
,%
ACC,0.50
AMBUJACEM,0.61
ASIANPAINT,1.10
AXISBANK,2.50
BAJAJ-AUTO,1.07
BANKBARODA,0.63
BHARTIARTL,1.70
BHEL,0.79
BPCL,0.58
CAIRN,0.72
CIPLA,0.89
COALINDIA,0.93
DLF,0.34
DRREDDY,1.37
GAIL,0.78
GRASIM,0.79
HCLTECH,1.61
HDFC,6.45
HDFCBANK,5.98
HEROMOTOCO,1.20
HINDALCO,0.95
HINDUNILVR,1.87
ICICIBANK,6.55
IDFC,0.74
INDUSINDBK,0.94
INFY,6.26
ITC,7.60
JINDALSTEL,0.38
KOTAKBANK,1.40
LT,4.72
LUPIN,1.09
M&M,2.13
MARUTI,1.29
MCDOWELL-N,0.70
NMDC,0.52
NTPC,1.15
ONGC,2.73
PNB,0.55
POWERGRID,1.13
RELIANCE,6.37
SBIN,2.90
SSLT,1.38
SUNPHARMA,2.29
TATAMOTORS,3.09
TATAPOWER,0.68
TATASTEEL,1.42
TCS,5.08
TECHM,1.24
ULTRACEMCO,0.95
WIPRO,1.37
,
,
,
,
,
,
,
,
,
,
,
,
,
,
,
,
,
,
Symbol\Weightage,['jul15.zip']
ACC,0.43
AMBUJACEM,0.59
ASIANPAINT,1.32
AXISBANK,3.25
BAJAJ-AUTO,1.14
BANKBARODA,0.55
BHARTIARTL,1.92
BHEL,0.83
BOSCHLTD,0.74
BPCL,0.79
CAIRN,0.32
CIPLA,1.19
COALINDIA,1.87
DRREDDY,1.71
GAIL,0.55
GRASIM,0.78
HCLTECH,1.83
HDFC,6.99
HDFCBANK,7.23
HEROMOTOCO,1.16
HINDALCO,0.45
HINDUNILVR,2.16
ICICIBANK,5.80
IDEA,0.64
INDUSINDBK,1.57
INFY,7.11
ITC,6.04
KOTAKBANK,2.35
LT,4.85
LUPIN,1.35
M&M,2.08
MARUTI,1.90
NMDC,0.27
NTPC,0.92
ONGC,1.62
PNB,0.37
POWERGRID,1.03
RELIANCE,5.46
SBIN,2.80
SUNPHARMA,2.96
TATAMOTORS,2.41
TATAPOWER,0.41
TATASTEEL,0.54
TCS,4.25
TECHM,1.07
ULTRACEMCO,1.07
VEDL,0.47
WIPRO,1.24
YESBANK,0.89
ZEEL,0.72
,
,
,
,
,
,
,
,
,
,
,
,
,
,
,
,
,
Symbol\Weightage,['jul16.zip']
ACC,0.50
ADANIPORTS,0.67
AMBUJACEM,0.67
ASIANPAINT,1.59
AUROPHARMA,0.67
AXISBANK,2.89
BAJAJ-AUTO,1.16
BANKBARODA,0.45
BHEL,0.42
BPCL,0.98
BHARTIARTL,1.51
INFRATEL,0.66
BOSCHLTD,0.72
CIPLA,0.84
COALINDIA,1.31
DRREDDY,1.17
EICHERMOT,0.87
GAIL,0.57
GRASIM,1.00
HCLTECH,1.34
HDFCBANK,7.88
HEROMOTOCO,1.27
HINDALCO,0.54
HINDUNILVR,2.08
HDFC,6.87
ITC,6.75
ICICIBANK,4.84
IDEA,0.37
INDUSINDBK,1.82
INFY,6.79
KOTAKBANK,2.57
LT,4.04
LUPIN,1.31
M&M,2.16
MARUTI,2.00
NTPC,1.24
ONGC,1.25
POWERGRID,1.22
RELIANCE,5.31
SBIN,2.25
SUNPHARMA,2.84
TCS,4.41
TATAMTRDVR,0.52
TATAMOTORS,3.08
TATAPOWER,0.41
TATASTEEL,0.75
TECHM,0.96
ULTRACEMCO,1.23
WIPRO,1.11
YESBANK,1.26
ZEEL,0.86
,
,
,
,
,
,
,
,
,
,
,
,
,
,
,
,
,
Symbol\Weightage,['jul17.zip']
ACC,0.38
ADANIPORTS,0.84
AMBUJACEM,0.51
ASIANPAINT,1.37
AUROPHARMA,0.53
AXISBANK,2.32
BAJAJ-AUTO,1
BANKBARODA,0.41
BPCL,0.97
BHARTIARTL,1.45
INFRATEL,0.74
BOSCHLTD,0.58
CIPLA,0.75
COALINDIA,0.85
DRREDDY,0.76
EICHERMOT,1.05
GAIL,0.64
HCLTECH,1.34
HDFCBANK,9.49
HEROMOTOCO,1.25
HINDALCO,0.84
HINDUNILVR,2.17
HDFC,7.46
ITC,6.37
ICICIBANK,5.09
IBULHSGFIN,0.99
IOC,0.98
INDUSINDBK,2.17
INFY,5.3
KOTAKBANK,3.26
LT,3.86
LUPIN,0.65
M&M,1.72
MARUTI,2.7
NTPC,1.07
ONGC,1.26
POWERGRID,1.29
RELIANCE,7.03
SBIN,3.04
SUNPHARMA,1.54
TCS,3.48
TATAMTRDVR,0.35
TATAMOTORS,2.19
TATAPOWER,0.39
TATASTEEL,1
TECHM,0.63
ULTRACEMCO,1.11
VEDL,1.37
WIPRO,0.96
YESBANK,1.74
ZEEL,0.78
,
,
,
,
,
,
,
,
,
,
,
,
,
,
,
,
,
Symbol\Weightage,['jul18.zip']
ADANIPORTS,0.63
ASIANPAINT,1.46
AXISBANK,2.11
BAJAJ-AUTO,0.82
BAJAJFINSV,0.94
BAJFINANCE,1.43
BHARTIARTL,1.15
BPCL,0.68
CIPLA,0.73
COALINDIA,0.76
DRREDDY,0.57
EICHERMOT,0.85
GAIL,0.74
GRASIM,0.90
HCLTECH,1.20
HDFC,7.18
HDFCBANK,10.00
HEROMOTOCO,0.95
HINDALCO,0.69
HINDPETRO,0.47
HINDUNILVR,2.76
IBULHSGFIN,0.95
ICICIBANK,4.36
INDUSINDBK,2.27
INFRATEL,0.54
INFY,5.78
IOC,0.78
ITC,5.67
KOTAKBANK,3.89
LT,3.58
LUPIN,0.44
M&M,1.95
MARUTI,2.82
NTPC,1.08
ONGC,1.04
POWERGRID,0.91
RELIANCE,9.29
SBIN,2.45
SUNPHARMA,1.40
TATAMOTORS,1.09
TATASTEEL,0.95
TCS,4.64
TECHM,0.95
TITAN,0.85
ULTRACEMCO,0.98
UPL,0.53
VEDL,0.92
WIPRO,0.70
YESBANK,1.51
ZEEL,0.65
,
,
,
,
,
,
,
,
,
,
,
,
,
,
,
,
,
Symbol\Weightage,['jul19.zip']
ADANIPORTS,0.66
ASIANPAINT,1.51
AXISBANK,3.04
BAJAJ-AUTO,0.72
BAJFINANCE,1.71
BAJAJFINSV,0.95
BPCL,0.61
BHARTIARTL,1.41
INFRATEL,0.46
BRITANNIA,0.68
CIPLA,0.58
COALINDIA,0.81
DRREDDY,0.69
EICHERMOT,0.50
GAIL,0.53
GRASIM,0.69
HCLTECH,1.24
HDFCBANK,10.73
HEROMOTOCO,0.67
HINDALCO,0.61
HINDUNILVR,2.72
HDFC,8.05
ICICIBANK,6.04
ITC,5.12
IBULHSGFIN,0.39
IOC,0.75
INDUSINDBK,1.68
INFY,6.65
JSWSTEEL,0.53
KOTAKBANK,4.48
LT,3.78
M&M,1.13
MARUTI,1.60
NTPC,1.22
ONGC,0.96
POWERGRID,1.09
RELIANCE,8.81
SBIN,2.81
SUNPHARMA,1.04
TCS,5.11
TATAMOTORS,0.54
TATASTEEL,0.72
TECHM,0.88
TITAN,0.97
UPL,0.72
ULTRACEMCO,1.00
VEDL,0.62
WIPRO,0.92
YESBANK,0.37
ZEEL,0.48
,
,
,
,
,
,
,
,
,
,
,
,
,
,
,
,
,
Symbol\Weightage,['jul20.zip']
ADANIPORTS,0.51
ASIANPAINT,1.65
AXISBANK,2.08
BAJAJ-AUTO,0.84
BAJFINANCE,1.84
BAJAJFINSV,0.80
BPCL,0.71
BHARTIARTL,2.85
INFRATEL,0.35
BRITANNIA,0.96
CIPLA,0.78
COALINDIA,0.58
DRREDDY,1.17
EICHERMOT,0.61
GAIL,0.38
GRASIM,0.53
HCLTECH,1.64
HDFCBANK,9.56
HDFCLIFE,0.97
HEROMOTOCO,0.74
HINDALCO,0.51
HINDUNILVR,4.22
HDFC,6.59
ICICIBANK,4.80
ITC,3.62
IOC,0.48
INDUSINDBK,0.68
INFY,7.56
JSWSTEEL,0.48
KOTAKBANK,4.27
LT,2.38
M&M,1.24
MARUTI,1.78
NTPC,0.90
NESTLEIND,1.26
ONGC,0.61
POWERGRID,0.98
RELIANCE,14.00
SHREECEM,0.62
SBIN,1.57
SUNPHARMA,1.23
TCS,5.12
TATAMOTORS,0.40
TATASTEEL,0.58
TECHM,0.90
TITAN,0.93
UPL,0.56
ULTRACEMCO,1.02
WIPRO,0.89
ZEEL,0.27
,
,
,
,
,
,
,
,
,
,
,
,
,
,
,
,
,
Symbol\Weightage,['jul21.zip']
ADANIPORTS,0.73
ASIANPAINT,1.95
AXISBANK,2.67
BAJAJ-AUTO,0.73
BAJFINANCE,2.42
BAJAJFINSV,1.26
BPCL,0.61
BHARTIARTL,1.94
BRITANNIA,0.59
CIPLA,0.68
COALINDIA,0.44
DIVISLAB,0.91
DRREDDY,0.84
EICHERMOT,0.52
GRASIM,0.87
HCLTECH,1.63
HDFCBANK,9.11
HDFCLIFE,0.81
HEROMOTOCO,0.53
HINDALCO,0.95
HINDUNILVR,3.05
HDFC,6.44
ICICIBANK,6.92
ITC,2.62
IOC,0.38
INDUSINDBK,0.87
INFY,8.74
JSWSTEEL,1.04
KOTAKBANK,3.55
LT,2.83
M&M,1.04
MARUTI,1.36
NTPC,0.82
NESTLEIND,0.92
ONGC,0.62
POWERGRID,0.86
RELIANCE,9.63
SBILIFE,0.71
SHREECEM,0.55
SBIN,2.42
SUNPHARMA,1.22
TCS,4.80
TATACONSUM,0.66
TATAMOTORS,0.77
TATASTEEL,1.64
TECHM,1.10
TITAN,1.05
UPL,0.65
ULTRACEMCO,1.29
WIPRO,1.27
,
,
,
,
,
,
,
,
,
,
,
,
,
,
,
,
,
Symbol\Weightage,['jun12']
,%
ACC,0.72
AMBUJACEM,0.80
ASIANPAINT,1.07
AXISBANK,1.60
BAJAJ-AUTO,1.28
BANKBARODA,0.84
BHARTIARTL,2.21
BHEL,1.11
BPCL,0.58
CAIRN,0.69
CIPLA,0.97
COALINDIA,1.33
DLF,0.44
DRREDDY,1.26
GAIL,0.96
GRASIM,1.02
HCLTECH,0.73
HDFC,5.86
HDFCBANK,6.17
HEROMOTOCO,1.24
HINDALCO,0.94
HINDUNILVR,2.83
ICICIBANK,6.29
IDFC,1.02
INFY,7.34
ITC,8.49
JINDALSTEL,1.10
JPASSOCIAT,0.50
KOTAKBANK,1.34
LT,4.56
M&M,1.97
MARUTI,0.94
NTPC,1.24
ONGC,3.06
PNB,0.65
POWERGRID,0.98
RANBAXY,0.46
RELIANCE,7.53
RELINFRA,0.46
SAIL,0.32
SBIN,3.38
SESAGOA,0.45
SIEMENS,0.38
STER,0.87
SUNPHARMA,1.45
TATAMOTORS,2.60
TATAPOWER,1.03
TATASTEEL,1.79
TCS,3.95
WIPRO,1.25
,100.00
,
,
,
,
,
,
,
,
,
,
,
,
,
,
,
,
Symbol\Weightage,['jun13']
,%
ACC,0.61
AMBUJACEM,0.76
ASIANPAINT,1.12
AXISBANK,2.18
BAJAJ-AUTO,1.37
BANKBARODA,0.57
BHARTIARTL,1.85
BHEL,0.73
BPCL,0.5
CAIRN,0.91
CIPLA,1.06
COALINDIA,1.02
DLF,0.37
DRREDDY,1.49
GAIL,0.75
GRASIM,0.93
HCLTECH,1.09
HDFC,7.24
HDFCBANK,6.55
HEROMOTOCO,0.84
HINDALCO,0.68
HINDUNILVR,3.2
ICICIBANK,6.57
IDFC,0.84
INDUSINDBK,1.05
INFY,6.41
ITC,9.47
JINDALSTEL,0.44
JPASSOCIAT,0.35
KOTAKBANK,1.49
LT,4.06
LUPIN,0.99
M&M,2.37
MARUTI,1.08
NMDC,0.44
NTPC,1.58
ONGC,3.12
PNB,0.52
POWERGRID,0.84
RANBAXY,0.25
RELIANCE,7.53
RELINFRA,0.25
SBIN,2.68
SESAGOA,0.3
SUNPHARMA,2.02
TATAMOTORS,2.66
TATAPOWER,0.74
TATASTEEL,0.97
TCS,4.12
ULTRACEMCO,1.01
,100
,
,
,
,
,
,
,
,
,
,
,
,
,
,
,
,
Symbol\Weightage,['jun14.zip']
,%
ACC,0.54
AMBUJACEM,0.66
ASIANPAINT,1.05
AXISBANK,2.49
BAJAJ-AUTO,1.21
BANKBARODA,0.64
BHARTIARTL,1.56
BHEL,0.88
BPCL,0.61
CAIRN,0.84
CIPLA,0.87
COALINDIA,0.98
DLF,0.38
DRREDDY,1.30
GAIL,0.84
GRASIM,0.85
HCLTECH,1.57
HDFC,6.06
HDFCBANK,5.97
HEROMOTOCO,1.24
HINDALCO,0.83
HINDUNILVR,1.72
ICICIBANK,6.40
IDFC,0.66
INDUSINDBK,0.98
INFY,6.14
ITC,7.04
JINDALSTEL,0.46
KOTAKBANK,1.32
LT,5.42
LUPIN,0.98
M&M,2.06
MARUTI,1.26
MCDOWELL-N,0.72
NMDC,0.57
NTPC,1.26
ONGC,2.98
PNB,0.58
POWERGRID,1.20
RELIANCE,6.52
SBIN,3.24
SSLT,1.41
SUNPHARMA,2.02
TATAMOTORS,3.03
TATAPOWER,0.76
TATASTEEL,1.38
TCS,4.85
TECHM,1.25
ULTRACEMCO,1.03
WIPRO,1.40
,
,
,
,
,
,
,
,
,
,
,
,
,
,
,
,
,
,
Symbol\Weightage,['jun15.zip']
ACC,0.46
AMBUJACEM,0.6
ASIANPAINT,1.16
AXISBANK,3.23
BAJAJ-AUTO,1.17
BANKBARODA,0.46
BHARTIARTL,1.96
BHEL,0.76
BOSCHLTD,0.67
BPCL,0.77
CAIRN,0.35
CIPLA,1.05
COALINDIA,1.83
DRREDDY,1.53
GAIL,0.62
GRASIM,0.74
HCLTECH,1.72
HDFC,6.9
HDFCBANK,7.08
HEROMOTOCO,1.11
HINDALCO,0.49
HINDUNILVR,2.2
ICICIBANK,6.04
IDEA,0.67
INDUSINDBK,1.28
INFY,6.64
ITC,5.96
KOTAKBANK,2.39
LT,4.93
LUPIN,1.53
M&M,2
MARUTI,1.8
NMDC,0.32
NTPC,0.96
ONGC,1.88
PNB,0.35
POWERGRID,1.04
RELIANCE,5.57
SBIN,2.78
SUNPHARMA,3.22
TATAMOTORS,2.78
TATAPOWER,0.45
TATASTEEL,0.69
TCS,4.41
TECHM,0.98
ULTRACEMCO,1.04
VEDL,0.65
WIPRO,1.21
YESBANK,0.93
ZEEL,0.68
,
,
,
,
,
,
,
,
,
,
,
,
,
,
,
,
,
Symbol\Weightage,['jun16.zip']
ACC,0.5
ADANIPORTS,0.62
AMBUJACEM,0.65
ASIANPAINT,1.49
AUROPHARMA,0.66
AXISBANK,2.94
BAJAJ-AUTO,1.21
BANKBARODA,0.48
BHEL,0.38
BPCL,0.92
BHARTIARTL,1.6
INFRATEL,0.6
BOSCHLTD,0.68
CIPLA,0.84
COALINDIA,1.3
DRREDDY,1.41
EICHERMOT,0.77
GAIL,0.6
GRASIM,0.99
HCLTECH,1.36
HDFCBANK,7.75
HEROMOTOCO,1.32
HINDALCO,0.52
HINDUNILVR,2.12
HDFC,6.53
ITC,6.84
ICICIBANK,4.61
IDEA,0.39
INDUSINDBK,1.79
INFY,7.72
KOTAKBANK,2.68
LT,4.05
LUPIN,1.21
M&M,2.2
MARUTI,1.84
NTPC,1.27
ONGC,1.28
POWERGRID,1.18
RELIANCE,5.28
SBIN,2.24
SUNPHARMA,2.73
TCS,4.48
TATAMTRDVR,0.48
TATAMOTORS,2.93
TATAPOWER,0.44
TATASTEEL,0.71
TECHM,1.04
ULTRACEMCO,1.17
WIPRO,1.18
YESBANK,1.2
ZEEL,0.82
,
,
,
,
,
,
,
,
,
,
,
,
,
,
,
,
,
Symbol\Weightage,['jun17.zip']
ACC,0.37
ADANIPORTS,0.81
AMBUJACEM,0.50
ASIANPAINT,1.38
AUROPHARMA,0.53
AXISBANK,2.45
BAJAJ-AUTO,1.05
BANKBARODA,0.42
BPCL,0.92
BHARTIARTL,1.39
INFRATEL,0.73
BOSCHLTD,0.59
CIPLA,0.78
COALINDIA,0.88
DRREDDY,0.90
EICHERMOT,1.00
GAIL,0.65
HCLTECH,1.35
HDFCBANK,9.30
HEROMOTOCO,1.33
HINDALCO,0.77
HINDUNILVR,2.14
HDFC,7.13
ITC,7.65
ICICIBANK,5.17
IBULHSGFIN,0.96
IOC,1.09
INDUSINDBK,2.06
INFY,5.19
KOTAKBANK,3.23
LT,3.85
LUPIN,0.70
M&M,1.75
MARUTI,2.67
NTPC,1.09
ONGC,1.23
POWERGRID,1.29
RELIANCE,6.36
SBIN,2.82
SUNPHARMA,1.70
TCS,3.49
TATAMTRDVR,0.37
TATAMOTORS,2.26
TATAPOWER,0.41
TATASTEEL,1.02
TECHM,0.66
ULTRACEMCO,1.15
VEDL,1.29
WIPRO,0.91
YESBANK,1.49
ZEEL,0.75
,
,
,
,
,
,
,
,
,
,
,
,
,
,
,
,
,
Symbol\Weightage,['jun18.zip']
ADANIPORTS,0.62
ASIANPAINT,1.35
AXISBANK,2.08
BAJAJ-AUTO,0.90
BAJFINANCE,1.29
BAJAJFINSV,0.83
BPCL,0.69
BHARTIARTL,1.19
INFRATEL,0.60
CIPLA,0.74
COALINDIA,0.81
DRREDDY,0.64
EICHERMOT,0.92
GAIL,0.71
GRASIM,0.94
HCLTECH,1.22
HDFCBANK,10.25
HEROMOTOCO,1.07
HINDALCO,0.80
HINDPETRO,0.46
HINDUNILVR,2.77
HDFC,7.28
ITC,5.38
ICICIBANK,4.19
IBULHSGFIN,0.89
IOC,0.79
INDUSINDBK,2.33
INFY,5.87
KOTAKBANK,4.24
LT,3.72
LUPIN,0.51
M&M,1.98
MARUTI,2.77
NTPC,1.18
ONGC,1.06
POWERGRID,0.99
RELIANCE,8.08
SBIN,2.30
SUNPHARMA,1.47
TCS,4.68
TATAMOTORS,1.18
TATASTEEL,1.01
TECHM,0.97
TITAN,0.87
UPL,0.54
ULTRACEMCO,0.94
VEDL,1.04
WIPRO,0.70
YESBANK,1.48
ZEEL,0.72
,
,
,
,
,
,
,
,
,
,
,
,
,
,
,
,
,
Symbol\Weightage,['jun19.zip']
ADANIPORTS,0.67
ASIANPAINT,1.28
AXISBANK,3.44
BAJAJ-AUTO,0.77
BAJFINANCE,1.82
BAJAJFINSV,1.07
BPCL,0.66
BHARTIARTL,1.37
INFRATEL,0.47
BRITANNIA,0.67
CIPLA,0.59
COALINDIA,0.94
DRREDDY,0.64
EICHERMOT,0.55
GAIL,0.60
GRASIM,0.75
HCLTECH,1.20
HDFCBANK,10.99
HEROMOTOCO,0.70
HINDALCO,0.63
HINDUNILVR,2.66
HDFC,7.85
ICICIBANK,5.87
ITC,4.89
IBULHSGFIN,0.42
IOC,0.79
INDUSINDBK,1.51
INFY,5.79
JSWSTEEL,0.58
KOTAKBANK,4.11
LT,3.99
M&M,1.27
MARUTI,1.81
NTPC,1.28
ONGC,1.10
POWERGRID,1.01
RELIANCE,8.93
SBIN,2.89
SUNPHARMA,0.92
TCS,4.87
TATAMOTORS,0.61
TATASTEEL,0.79
TECHM,0.93
TITAN,1.16
UPL,0.72
ULTRACEMCO,0.99
VEDL,0.66
WIPRO,0.92
YESBANK,0.42
ZEEL,0.42
,
,
,
,
,
,
,
,
,
,
,
,
,
,
,
,
,
Symbol\Weightage,['jun20.zip']
ADANIPORTS,0.60
ASIANPAINT,1.75
AXISBANK,2.12
BAJAJ-AUTO,0.85
BAJFINANCE,1.73
BAJAJFINSV,0.81
BPCL,0.69
BHARTIARTL,3.10
INFRATEL,0.43
BRITANNIA,0.98
CIPLA,0.75
COALINDIA,0.64
DRREDDY,1.10
EICHERMOT,0.59
GAIL,0.44
GRASIM,0.56
HCLTECH,1.39
HDFCBANK,10.65
HEROMOTOCO,0.76
HINDALCO,0.49
HINDUNILVR,4.49
HDFC,6.99
ICICIBANK,5.25
ITC,3.92
IOC,0.50
INDUSINDBK,0.66
INFY,6.21
JSWSTEEL,0.44
KOTAKBANK,4.59
LT,2.66
M&M,1.13
MARUTI,1.79
NTPC,1.07
NESTLEIND,1.41
ONGC,0.68
POWERGRID,1.03
RELIANCE,12.45
SHREECEM,0.71
SBIN,1.58
SUNPHARMA,1.18
TCS,5.04
TATAMOTORS,0.41
TATASTEEL,0.56
TECHM,0.77
TITAN,0.91
UPL,0.54
ULTRACEMCO,1.04
VEDL,0.45
WIPRO,0.75
ZEEL,0.36
,
,
,
,
,
,
,
,
,
,
,
,
,
,
,
,
,
Symbol\Weightage,['jun21.zip']
ADANIPORTS,0.76
ASIANPAINT,1.98
AXISBANK,2.83
BAJAJ-AUTO,0.79
BAJFINANCE,2.34
BAJAJFINSV,1.07
BPCL,0.64
BHARTIARTL,1.82
BRITANNIA,0.63
CIPLA,0.72
COALINDIA,0.45
DIVISLAB,0.82
DRREDDY,0.97
EICHERMOT,0.55
GRASIM,0.84
HCLTECH,1.57
HDFCBANK,9.59
HDFCLIFE,0.83
HEROMOTOCO,0.55
HINDALCO,0.80
HINDUNILVR,3.24
HDFC,6.55
ICICIBANK,6.41
ITC,2.60
IOC,0.40
INDUSINDBK,0.90
INFY,8.60
JSWSTEEL,0.97
KOTAKBANK,3.67
LT,2.66
M&M,1.09
MARUTI,1.47
NTPC,0.81
NESTLEIND,0.92
ONGC,0.63
POWERGRID,0.87
RELIANCE,10.01
SBILIFE,0.65
SHREECEM,0.54
SBIN,2.36
SUNPHARMA,1.07
TCS,5.08
TATACONSUM,0.66
TATAMOTORS,0.89
TATASTEEL,1.34
TECHM,1.00
TITAN,1.06
UPL,0.64
ULTRACEMCO,1.15
WIPRO,1.18
,
,
,
,
,
,
,
,
,
,
,
,
,
,
,
,
,
Symbol\Weightage,['mar12']
,%
ACC,0.78
AMBUJACEM,0.80
AXISBANK,1.81
BAJAJ-AUTO,1.38
BHEL,1.24
BPCL,0.55
BHARTIARTL,2.48
CAIRN,0.75
CIPLA,0.95
COALINDIA,1.33
DLF,0.45
DRREDDY,1.36
GAIL,1.04
GRASIM,1.01
HCLTECH,0.73
HDFCBANK,5.74
HEROMOTOCO,1.20
HINDALCO,1.02
HINDUNILVR,2.58
HDFC,6.09
ITC,7.49
ICICIBANK,6.29
INFY,8.47
IDFC,1.01
JPASSOCIAT,0.57
JINDALSTEL,1.29
KOTAKBANK,1.24
LT,4.31
M&M,1.97
MARUTI,1.09
NTPC,1.27
ONGC,2.91
POWERGRID,0.94
PNB,0.75
RANBAXY,0.44
RCOM,0.34
RELIANCE,7.76
RELINFRA,0.49
RPOWER,0.39
SESAGOA,0.47
SIEMENS,0.40
SBIN,3.31
SAIL,0.34
STER,0.96
SUNPHARMA,1.31
TCS,3.63
TATAMOTORS,2.95
TATAPOWER,1.00
TATASTEEL,1.94
WIPRO,1.38
,100.00
,
,
,
,
,
,
,
,
,
,
,
,
,
,
,
,
Symbol\Weightage,['mar13.zip']
,%
ACC,0.59
AMBUJACEM,0.73
ASIANPAINT,1.22
AXISBANK,2.25
BAJAJ-AUTO,1.33
BANKBARODA,0.62
BHEL,0.77
BPCL,0.54
BHARTIARTL,1.91
CAIRN,0.88
CIPLA,1.06
COALINDIA,1.07
DLF,0.47
DRREDDY,1.23
GAIL,0.78
GRASIM,0.98
HCLTECH,1.15
HDFCBANK,6.28
HEROMOTOCO,0.81
HINDALCO,0.65
HINDUNILVR,2.63
HDFC,6.99
ITC,9.29
ICICIBANK,6.61
IDFC,0.97
INFY,7.64
JPASSOCIAT,0.43
JINDALSTEL,0.73
KOTAKBANK,1.35
LT,4.05
LUPIN,0.82
M&M,2.17
MARUTI,0.93
NTPC,1.61
ONGC,3.02
POWERGRID,0.82
PNB,0.52
RANBAXY,0.37
RELIANCE,6.96
RELINFRA,0.24
SIEMENS,0.27
SBIN,2.93
SUNPHARMA,1.69
TCS,4.41
TATAMOTORS,2.61
TATAPOWER,0.86
TATASTEEL,1.14
ULTRACEMCO,1.04
SSLT,0.33
WIPRO,1.25
,
,
,
,
,
,
,
,
,
,
,
,
,
,
,
,
,
Symbol\Weightage,['mar14']
,%
ACC,0.582958905
AMBUJACEM,0.689314165
ASIANPAINT,1.104994807
AXISBANK,2.018487529
BAJAJ-AUTO,1.245169477
BANKBARODA,0.614573148
BHARTIARTL,1.683850423
BHEL,0.689734791
BPCL,0.529424342
CAIRN,0.876304975
CIPLA,0.864995592
COALINDIA,0.812176964
DLF,0.350933906
DRREDDY,1.446440686
GAIL,0.752195045
GRASIM,0.817846878
HCLTECH,1.656454212
HDFC,6.138750519
HDFCBANK,6.180418571
HEROMOTOCO,1.21533398
HINDALCO,0.811909758
HINDUNILVR,1.908199825
ICICIBANK,6.401085783
IDFC,0.683110602
INDUSINDBK,0.952129493
INFY,7.056812544
ITC,8.688673089
JINDALSTEL,0.480533196
KOTAKBANK,1.325055745
LT,4.61531089
LUPIN,0.991875215
M&M,2.010832359
MARUTI,1.161571782
MCDOWELL-N,0.930272164
NMDC,0.49159021
NTPC,1.10061597
ONGC,2.511161759
PNB,0.49326072
POWERGRID,1.029952292
RELIANCE,6.814178191
SBIN,2.639732657
SSLT,1.037814807
SUNPHARMA,1.926784203
TATAMOTORS,3.190354475
TATAPOWER,0.692721603
TATASTEEL,1.169589126
TCS,4.856768948
TECHM,1.187309791
ULTRACEMCO,0.989473399
WIPRO,1.58096049
,
,
,
,
,
,
,
,
,
,
,
,
,
,
,
,
,
Symbol\Weightage,['mar15.zip']
ACC,0.50
AMBUJACEM,0.67
ASIANPAINT,1.25
AXISBANK,3.23
BAJAJ-AUTO,0.92
BANKBARODA,0.52
BHARTIARTL,1.85
BHEL,0.72
BPCL,0.71
CAIRN,0.41
CIPLA,1.23
COALINDIA,1.58
DRREDDY,1.50
GAIL,0.61
GRASIM,0.78
HCLTECH,1.80
HDFC,7.03
HDFCBANK,6.75
HEROMOTOCO,1.08
HINDALCO,0.56
HINDUNILVR,2.10
ICICIBANK,6.21
IDEA,0.70
IDFC,0.75
INDUSINDBK,1.30
INFY,7.52
ITC,6.18
KOTAKBANK,1.92
LT,4.78
LUPIN,1.63
M&M,1.86
MARUTI,1.66
NMDC,0.35
NTPC,1.03
ONGC,1.87
PNB,0.37
POWERGRID,1.09
RELIANCE,4.62
SBIN,2.80
SSLT,0.71
SUNPHARMA,2.62
TATAMOTORS,3.36
TATAPOWER,0.47
TATASTEEL,0.72
TCS,4.43
TECHM,1.30
ULTRACEMCO,1.00
WIPRO,1.40
YESBANK,0.90
ZEEL,0.63
,
,
,
,
,
,
,
,
,
,
,
,
,
,
,
,
,
Symbol\Weightage,['mar16.zip']
ACC,0.47
ADANIPORTS,0.81
AMBUJACEM,0.65
ASIANPAINT,1.41
AXISBANK,2.67
BAJAJ-AUTO,1.21
BANKBARODA,0.50
BHEL,0.37
BPCL,0.85
BHARTIARTL,1.72
BOSCHLTD,0.68
CAIRN,0.31
CIPLA,0.93
COALINDIA,1.33
DRREDDY,1.38
GAIL,0.60
GRASIM,0.89
HCLTECH,1.66
HDFCBANK,7.61
HEROMOTOCO,1.34
HINDALCO,0.41
HINDUNILVR,2.24
HDFC,6.30
ITC,6.66
ICICIBANK,4.96
IDEA,0.44
INDUSINDBK,1.70
INFY,8.78
KOTAKBANK,2.52
LT,3.60
LUPIN,1.27
M&M,2.01
MARUTI,1.78
NTPC,1.15
ONGC,1.39
POWERGRID,1.10
PNB,0.23
RELIANCE,6.23
SBIN,2.18
SUNPHARMA,3.20
TCS,4.84
TATAMOTORS,2.70
TATAPOWER,0.42
TATASTEEL,0.77
TECHM,1.06
ULTRACEMCO,1.18
VEDL,0.36
WIPRO,1.31
YESBANK,1.02
ZEEL,0.76
,
,
,
,
,
,
,
,
,
,
,
,
,
,
,
,
,
Symbol\Weightage,['mar17.zip']
ACC,0.36
ADANIPORTS,0.8
AMBUJACEM,0.51
ASIANPAINT,1.41
AUROPHARMA,0.55
AXISBANK,2.43
BAJAJ-AUTO,1.11
BANKBARODA,0.48
BPCL,0.99
BHARTIARTL,1.35
INFRATEL,0.49
BOSCHLTD,0.61
CIPLA,0.88
COALINDIA,1.11
DRREDDY,0.93
EICHERMOT,1
GAIL,0.71
GRASIM,0.99
HCLTECH,1.44
HDFCBANK,8.51
HEROMOTOCO,1.2
HINDALCO,0.73
HINDUNILVR,1.9
HDFC,6.96
ITC,6.95
ICICIBANK,4.71
IBULHSGFIN,0.94
IOC,1.15
INDUSINDBK,2.09
INFY,5.96
KOTAKBANK,3.05
LT,3.77
LUPIN,1.01
M&M,1.75
MARUTI,2.33
NTPC,1.2
ONGC,1.53
POWERGRID,1.27
RELIANCE,6.38
SBIN,2.73
SUNPHARMA,2.22
TCS,3.78
TATAMTRDVR,0.42
TATAMOTORS,2.55
TATAPOWER,0.48
TATASTEEL,0.94
TECHM,0.83
ULTRACEMCO,1.21
WIPRO,0.95
YESBANK,1.49
ZEEL,0.86
,
,
,
,
,
,
,
,
,
,
,
,
,
,
,
,
,
Symbol\Weightage,['mar18.zip']
ADANIPORTS,0.70
AMBUJACEM,0.44
ASIANPAINT,1.29
AUROPHARMA,0.40
AXISBANK,2.08
BAJAJ-AUTO,0.96
BAJFINANCE,1.07
BPCL,0.86
BHARTIARTL,1.35
INFRATEL,0.67
BOSCHLTD,0.42
CIPLA,0.71
COALINDIA,0.95
DRREDDY,0.65
EICHERMOT,0.97
GAIL,0.72
HCLTECH,1.38
HDFCBANK,9.88
HEROMOTOCO,1.18
HINDALCO,0.80
HINDPETRO,0.66
HINDUNILVR,2.44
HDFC,7.47
ITC,5.59
ICICIBANK,4.58
IBULHSGFIN,1.03
IOC,0.92
INDUSINDBK,2.35
INFY,5.80
KOTAKBANK,3.58
LT,4.14
LUPIN,0.45
M&M,1.77
MARUTI,3.02
NTPC,1.33
ONGC,1.29
POWERGRID,1.09
RELIANCE,7.80
SBIN,2.38
SUNPHARMA,1.40
TCS,3.63
TATAMOTORS,1.55
TATASTEEL,1.14
TECHM,1.02
UPL,0.68
ULTRACEMCO,1.06
VEDL,1.32
WIPRO,0.81
YESBANK,1.44
ZEEL,0.81
,
,
,
,
,
,
,
,
,
,
,
,
,
,
,
,
,
Symbol\Weightage,['mar19.zip']
ADANIPORTS,0.64
ASIANPAINT,1.44
AXISBANK,3.25
BAJAJ-AUTO,0.85
BAJFINANCE,1.53
BAJAJFINSV,0.91
BPCL,0.66
BHARTIARTL,0.94
INFRATEL,0.57
BRITANNIA,0.78
CIPLA,0.57
COALINDIA,0.85
DRREDDY,0.72
EICHERMOT,0.61
GAIL,0.67
GRASIM,0.72
HCLTECH,1.26
HDFCBANK,10.67
HEROMOTOCO,0.71
HINDALCO,0.64
HINDUNILVR,2.61
HDFC,6.94
ITC,5.45
ICICIBANK,5.52
IBULHSGFIN,0.61
IOC,0.82
INDUSINDBK,1.95
INFY,6.04
JSWSTEEL,0.64
KOTAKBANK,3.81
LT,3.66
M&M,1.34
MARUTI,1.90
NTPC,1.17
ONGC,1.03
POWERGRID,0.97
RELIANCE,9.98
SBIN,2.57
SUNPHARMA,1.13
TCS,4.50
TATAMOTORS,0.68
TATASTEEL,0.84
TECHM,1.04
TITAN,1.02
UPL,0.75
ULTRACEMCO,0.89
VEDL,0.72
WIPRO,0.82
YESBANK,1.09
ZEEL,0.53
,
,
,
,
,
,
,
,
,
,
,
,
,
,
,
,
,
Symbol\Weightage,['mar20.zip']
ADANIPORTS,0.54
ASIANPAINT,2.10
AXISBANK,2.39
BAJAJ-AUTO,0.74
BAJFINANCE,1.64
BAJAJFINSV,0.78
BPCL,0.71
BHARTIARTL,2.75
INFRATEL,0.38
BRITANNIA,0.88
CIPLA,0.60
COALINDIA,0.82
DRREDDY,1.06
EICHERMOT,0.51
GAIL,0.40
GRASIM,0.52
HCLTECH,1.32
HDFCBANK,10.42
HEROMOTOCO,0.58
HINDALCO,0.39
HINDUNILVR,4.59
HDFC,7.88
ICICIBANK,5.85
ITC,4.18
IOC,0.58
INDUSINDBK,0.59
INFY,6.56
JSWSTEEL,0.41
KOTAKBANK,4.85
LT,2.79
M&M,0.76
MARUTI,1.59
NTPC,1.14
NESTLEIND,1.62
ONGC,0.70
POWERGRID,1.14
RELIANCE,10.06
SHREECEM,0.65
SBIN,2.11
SUNPHARMA,1.06
TCS,5.36
TATAMOTORS,0.36
TATASTEEL,0.57
TECHM,0.98
TITAN,1.09
UPL,0.50
ULTRACEMCO,1.05
VEDL,0.33
WIPRO,0.82
ZEEL,0.32
,
,
,
,
,
,
,
,
,
,
,
,
,
,
,
,
,
Symbol\Weightage,['mar21.zip']
ADANIPORTS,0.81
ASIANPAINT,1.80
AXISBANK,2.76
BAJAJ-AUTO,0.75
BAJFINANCE,2.15
BAJAJFINSV,0.92
BPCL,0.63
BHARTIARTL,1.97
BRITANNIA,0.67
CIPLA,0.65
COALINDIA,0.43
DIVISLAB,0.73
DRREDDY,0.86
EICHERMOT,0.57
GRASIM,0.87
HCLTECH,1.68
HDFCBANK,10.24
HDFCLIFE,0.91
HEROMOTOCO,0.60
HINDALCO,0.75
HINDUNILVR,3.42
HDFC,7.08
ICICIBANK,6.34
ITC,3.01
IOC,0.37
INDUSINDBK,0.85
INFY,7.98
JSWSTEEL,0.71
KOTAKBANK,4.05
LT,2.70
M&M,1.20
MARUTI,1.44
NTPC,0.80
NESTLEIND,0.96
ONGC,0.59
POWERGRID,0.87
RELIANCE,10.19
SBILIFE,0.54
SHREECEM,0.62
SBIN,2.20
SUNPHARMA,1.02
TCS,5.18
TATACONSUM,0.60
TATAMOTORS,0.85
TATASTEEL,0.96
TECHM,0.97
TITAN,1.02
UPL,0.56
ULTRACEMCO,1.22
WIPRO,0.96
,
,
,
,
,
,
,
,
,
,
,
,
,
,
,
,
,
Symbol\Weightage,['may12']
,%
ACC,0.69
AMBUJACEM,0.74
ASIANPAINT,1.18
AXISBANK,1.63
BAJAJ-AUTO,1.32
BANKBARODA,0.84
BHARTIARTL,2.35
BHEL,1.09
BPCL,0.59
CAIRN,0.80
CIPLA,1.02
COALINDIA,1.32
DLF,0.44
DRREDDY,1.38
GAIL,0.94
GRASIM,0.95
HCLTECH,0.82
HDFC,6.29
HDFCBANK,5.94
HEROMOTOCO,1.14
HINDALCO,0.98
HINDUNILVR,2.86
ICICIBANK,5.87
IDFC,1.00
INFY,7.62
ITC,8.06
JINDALSTEL,1.10
JPASSOCIAT,0.46
KOTAKBANK,1.36
LT,4.10
M&M,1.95
MARUTI,0.95
NTPC,1.22
ONGC,2.91
PNB,0.65
POWERGRID,0.98
RANBAXY,0.52
RELIANCE,7.73
RELINFRA,0.40
SAIL,0.36
SBIN,3.45
SESAGOA,0.47
SIEMENS,0.37
STER,0.86
SUNPHARMA,1.39
TATAMOTORS,2.66
TATAPOWER,0.98
TATASTEEL,1.75
TCS,4.13
WIPRO,1.38
,100.00
,
,
,
,
,
,
,
,
,
,
,
,
,
,
,
,
Symbol\Weightage,['may13']
,%
ACC,0.59
AMBUJACEM,0.72
ASIANPAINT,1.15
AXISBANK,2.3
BAJAJ-AUTO,1.27
BANKBARODA,0.64
BHEL,0.82
BPCL,0.51
BHARTIARTL,1.88
CAIRN,0.88
CIPLA,0.98
COALINDIA,1.07
DLF,0.37
DRREDDY,1.38
GAIL,0.71
GRASIM,0.94
HCLTECH,1.02
HDFCBANK,6.69
HEROMOTOCO,0.86
HINDALCO,0.68
HINDUNILVR,3.16
HDFC,7.16
ITC,9.7
ICICIBANK,6.92
IDFC,0.93
INDUSINDBK,1.14
INFY,6.05
JPASSOCIAT,0.42
JINDALSTEL,0.57
KOTAKBANK,1.54
LT,3.94
LUPIN,0.91
M&M,2.31
MARUTI,1.06
NMDC,0.48
NTPC,1.65
ONGC,3.02
POWERGRID,0.83
PNB,0.59
RANBAXY,0.3
RELIANCE,6.88
RELINFRA,0.25
SESAGOA,0.33
SBIN,2.74
SUNPHARMA,2.04
TCS,3.97
TATAMOTORS,2.88
TATAPOWER,0.74
TATASTEEL,1.01
ULTRACEMCO,0.99
,100
,
,
,
,
,
,
,
,
,
,
,
,
,
,
,
,
Symbol\Weightage,['may14.zip']
,%
ACC,0.51
AMBUJACEM,0.69
ASIANPAINT,0.95
AXISBANK,2.5
BAJAJ-AUTO,1.07
BANKBARODA,0.65
BHARTIARTL,1.68
BHEL,0.9
BPCL,0.55
CAIRN,0.83
CIPLA,0.8
COALINDIA,1
DLF,0.39
DRREDDY,1.28
GAIL,0.72
GRASIM,0.83
HCLTECH,1.56
HDFC,5.63
HDFCBANK,6.06
HEROMOTOCO,1.16
HINDALCO,0.78
HINDUNILVR,1.76
ICICIBANK,6.74
IDFC,0.65
INDUSINDBK,0.96
INFY,5.84
ITC,7.79
JINDALSTEL,0.44
KOTAKBANK,1.36
LT,5.19
LUPIN,0.92
M&M,2.34
MARUTI,1.24
MCDOWELL-N,0.89
NMDC,0.55
NTPC,1.36
ONGC,2.79
PNB,0.58
POWERGRID,1.11
RELIANCE,7.2
SBIN,3.23
SSLT,1.43
SUNPHARMA,1.89
TATAMOTORS,3.07
TATAPOWER,0.77
TATASTEEL,1.3
TCS,4.5
TECHM,1.18
ULTRACEMCO,1
WIPRO,1.36
,
,
,
,
,
,
,
,
,
,
,
,
,
,
,
,
,
Symbol\Weightage,['may15.zip']
ACC,0.47
AMBUJACEM,0.61
ASIANPAINT,1.19
AXISBANK,3.35
BAJAJ-AUTO,1.06
BANKBARODA,0.51
BHARTIARTL,1.98
BHEL,0.76
BOSCHLTD,0.72
BPCL,0.74
CAIRN,0.37
CIPLA,1.11
COALINDIA,1.69
DRREDDY,1.50
GAIL,0.61
GRASIM,0.78
HCLTECH,1.88
HDFC,6.53
HDFCBANK,6.92
HEROMOTOCO,1.18
HINDALCO,0.56
HINDUNILVR,2.04
ICICIBANK,6.17
IDEA,0.65
INDUSINDBK,1.27
INFY,6.77
ITC,6.14
KOTAKBANK,2.40
LT,4.54
LUPIN,1.48
M&M,1.95
MARUTI,1.68
NMDC,0.34
NTPC,0.95
ONGC,1.98
PNB,0.38
POWERGRID,1.06
RELIANCE,4.85
SBIN,2.92
SUNPHARMA,3.53
TATAMOTORS,3.06
TATAPOWER,0.45
TATASTEEL,0.73
TCS,4.47
TECHM,1.13
ULTRACEMCO,1.02
VEDL,0.72
WIPRO,1.24
YESBANK,0.96
ZEEL,0.59
,
,
,
,
,
,
,
,
,
,
,
,
,
,
,
,
,
Symbol\Weightage,['may16.zip']
ACC,0.48
ADANIPORTS,0.59
AMBUJACEM,0.59
ASIANPAINT,1.49
AUROPHARMA,0.71
AXISBANK,2.88
BAJAJ-AUTO,1.19
BANKBARODA,0.45
BHEL,0.37
BPCL,0.85
BHARTIARTL,1.55
INFRATEL,0.67
BOSCHLTD,0.68
CIPLA,0.80
COALINDIA,1.23
DRREDDY,1.35
EICHERMOT,0.76
GAIL,0.58
GRASIM,0.94
HCLTECH,1.40
HDFCBANK,7.91
HEROMOTOCO,1.31
HINDALCO,0.45
HINDUNILVR,2.03
HDFC,6.55
ITC,6.62
ICICIBANK,4.77
IDEA,0.43
INDUSINDBK,1.80
INFY,8.36
KOTAKBANK,2.66
LT,4.05
LUPIN,1.18
M&M,2.06
MARUTI,1.85
NTPC,1.19
ONGC,1.27
POWERGRID,1.10
RELIANCE,5.30
SBIN,2.13
SUNPHARMA,2.77
TCS,4.58
TATAMTRDVR,0.53
TATAMOTORS,2.98
TATAPOWER,0.45
TATASTEEL,0.75
TECHM,1.12
ULTRACEMCO,1.13
WIPRO,1.17
YESBANK,1.14
ZEEL,0.81
,
,
,
,
,
,
,
,
,
,
,
,
,
,
,
,
,
Symbol\Weightage,['may17.zip']
ACC,0.38
ADANIPORTS,0.76
AMBUJACEM,0.49
ASIANPAINT,1.43
AUROPHARMA,0.45
AXISBANK,2.42
BAJAJ-AUTO,1.07
BANKBARODA,0.46
BPCL,1.07
BHARTIARTL,1.35
INFRATEL,0.71
BOSCHLTD,0.59
CIPLA,0.72
COALINDIA,0.95
DRREDDY,0.84
EICHERMOT,1.05
GAIL,0.73
HCLTECH,1.36
HDFCBANK,9.15
HEROMOTOCO,1.34
HINDALCO,0.81
HINDUNILVR,2.10
HDFC,6.89
ITC,7.32
ICICIBANK,5.25
IBULHSGFIN,1.03
IOC,1.21
INDUSINDBK,2.05
INFY,5.39
KOTAKBANK,3.24
LT,3.99
LUPIN,0.77
M&M,1.82
MARUTI,2.65
NTPC,1.09
ONGC,1.38
POWERGRID,1.26
RELIANCE,6.14
SBIN,2.52
SUNPHARMA,1.53
TCS,3.74
TATAMTRDVR,0.40
TATAMOTORS,2.47
TATAPOWER,0.41
TATASTEEL,0.93
TECHM,0.67
ULTRACEMCO,1.21
VEDL,1.22
WIPRO,0.94
YESBANK,1.44
ZEEL,0.78
,
,
,
,
,
,
,
,
,
,
,
,
,
,
,
,
,
Symbol\Weightage,['may18.zip']
ADANIPORTS,0.65
ASIANPAINT,1.39
AXISBANK,2.22
BAJAJ-AUTO,0.88
BAJFINANCE,1.18
BAJAJFINSV,0.86
BPCL,0.75
BHARTIARTL,1.17
INFRATEL,0.60
CIPLA,0.63
COALINDIA,0.91
DRREDDY,0.55
EICHERMOT,0.97
GAIL,0.73
GRASIM,0.97
HCLTECH,1.20
HDFCBANK,10.37
HEROMOTOCO,1.09
HINDALCO,0.81
HINDPETRO,0.55
HINDUNILVR,2.72
HDFC,7.26
ITC,5.49
ICICIBANK,4.35
IBULHSGFIN,0.95
IOC,0.88
INDUSINDBK,2.36
INFY,5.54
KOTAKBANK,4.21
LT,4.00
LUPIN,0.44
M&M,2.04
MARUTI,2.68
NTPC,1.24
ONGC,1.19
POWERGRID,1.11
RELIANCE,7.52
SBIN,2.37
SUNPHARMA,1.25
TCS,4.10
TATAMOTORS,1.24
TATASTEEL,1.06
TECHM,1.06
TITAN,0.89
UPL,0.61
ULTRACEMCO,0.92
VEDL,1.09
WIPRO,0.70
YESBANK,1.51
ZEEL,0.72
,
,
,
,
,
,
,
,
,
,
,
,
,
,
,
,
,
Symbol\Weightage,['may19.zip']
ADANIPORTS,0.68
ASIANPAINT,1.32
AXISBANK,3.29
BAJAJ-AUTO,0.83
BAJFINANCE,1.71
BAJAJFINSV,1.03
BPCL,0.67
BHARTIARTL,1.23
INFRATEL,0.48
BRITANNIA,0.72
CIPLA,0.59
COALINDIA,0.88
DRREDDY,0.68
EICHERMOT,0.58
GAIL,0.68
GRASIM,0.73
HCLTECH,1.23
HDFCBANK,10.86
HEROMOTOCO,0.72
HINDALCO,0.60
HINDUNILVR,2.66
HDFC,7.49
ICICIBANK,5.68
ITC,4.97
IBULHSGFIN,0.55
IOC,0.81
INDUSINDBK,1.71
INFY,5.83
JSWSTEEL,0.57
KOTAKBANK,4.23
LT,4.00
M&M,1.26
MARUTI,1.90
NTPC,1.12
ONGC,1.08
POWERGRID,0.91
RELIANCE,9.47
SBIN,2.75
SUNPHARMA,0.94
TCS,4.80
TATAMOTORS,0.65
TATASTEEL,0.77
TECHM,1.00
TITAN,1.07
UPL,0.76
ULTRACEMCO,1.03
VEDL,0.61
WIPRO,0.90
YESBANK,0.57
ZEEL,0.41
,
,
,
,
,
,
,
,
,
,
,
,
,
,
,
,
,
Symbol\Weightage,['may20.zip']
ADANIPORTS,0.63
ASIANPAINT,1.90
AXISBANK,2.18
BAJAJ-AUTO,0.89
BAJFINANCE,1.30
BAJAJFINSV,0.67
BPCL,0.69
BHARTIARTL,3.10
INFRATEL,0.49
BRITANNIA,1.00
CIPLA,0.83
COALINDIA,0.74
DRREDDY,1.24
EICHERMOT,0.58
GAIL,0.43
GRASIM,0.58
HCLTECH,1.50
HDFCBANK,10.34
HEROMOTOCO,0.77
HINDALCO,0.51
HINDUNILVR,3.69
HDFC,7.20
ICICIBANK,5.39
ITC,4.32
IOC,0.53
INDUSINDBK,0.60
INFY,6.35
JSWSTEEL,0.47
KOTAKBANK,4.11
LT,2.89
M&M,1.05
MARUTI,1.87
NTPC,1.19
NESTLEIND,1.57
ONGC,0.76
POWERGRID,1.01
RELIANCE,11.88
SHREECEM,0.70
SBIN,1.55
SUNPHARMA,1.28
TCS,5.20
TATAMOTORS,0.39
TATASTEEL,0.56
TECHM,0.82
TITAN,0.93
UPL,0.56
ULTRACEMCO,1.13
VEDL,0.42
WIPRO,0.79
ZEEL,0.42
,
,
,
,
,
,
,
,
,
,
,
,
,
,
,
,
,
Symbol\Weightage,['may21.zip']
ADANIPORTS,0.84
ASIANPAINT,1.99
AXISBANK,2.80
BAJAJ-AUTO,0.81
BAJFINANCE,2.21
BAJAJFINSV,1.06
BPCL,0.65
BHARTIARTL,1.92
BRITANNIA,0.60
CIPLA,0.72
COALINDIA,0.46
DIVISLAB,0.79
DRREDDY,0.96
EICHERMOT,0.55
GRASIM,0.83
HCLTECH,1.52
HDFCBANK,9.79
HDFCLIFE,0.82
HEROMOTOCO,0.58
HINDALCO,0.85
HINDUNILVR,3.10
HDFC,6.82
ICICIBANK,6.80
ITC,2.81
IOC,0.41
INDUSINDBK,0.85
INFY,7.66
JSWSTEEL,1.02
KOTAKBANK,3.93
LT,2.63
M&M,1.15
MARUTI,1.40
NTPC,0.78
NESTLEIND,0.94
ONGC,0.62
POWERGRID,0.86
RELIANCE,10.36
SBILIFE,0.56
SHREECEM,0.55
SBIN,2.42
SUNPHARMA,1.07
TCS,4.85
TATACONSUM,0.59
TATAMOTORS,0.85
TATASTEEL,1.30
TECHM,0.94
TITAN,0.99
UPL,0.67
ULTRACEMCO,1.15
WIPRO,1.18
,
,
,
,
,
,
,
,
,
,
,
,
,
,
,
,
,
Symbol\Weightage,['nov12']
,%
ACC,0.69
AMBUJACEM,0.85
ASIANPAINT,1.05
AXISBANK,1.9
BAJAJ-AUTO,1.39
BANKBARODA,0.69
BHEL,0.99
BPCL,0.48
BHARTIARTL,2.16
CAIRN,1.04
CIPLA,1.13
COALINDIA,1.24
DLF,0.41
DRREDDY,1.23
GAIL,0.85
GRASIM,1.14
HCLTECH,0.92
HDFCBANK,6.87
HEROMOTOCO,0.93
HINDALCO,0.8
HINDUNILVR,2.96
HDFC,6.96
ITC,8.72
ICICIBANK,6.8
IDFC,1.15
INFY,6.3
JPASSOCIAT,0.58
JINDALSTEL,0.83
KOTAKBANK,1.34
LT,4.82
LUPIN,0.75
M&M,2.33
MARUTI,1.05
NTPC,1.11
ONGC,2.51
POWERGRID,0.89
PNB,0.56
RANBAXY,0.42
RELIANCE,7.02
RELINFRA,0.35
SESAGOA,0.38
SIEMENS,0.33
SBIN,3
SUNPHARMA,1.43
TCS,3.59
TATAMOTORS,2.59
TATAPOWER,0.94
TATASTEEL,1.38
ULTRACEMCO,1.03
WIPRO,1.09
,100
,
,
,
,
,
,
,
,
,
,
,
,
,
,
,
,
Symbol\Weightage,['nov13']
,%
ACC,0.508343092
AMBUJACEM,0.702446256
ASIANPAINT,1.13033534
AXISBANK,1.775628708
BAJAJ-AUTO,1.313165366
BANKBARODA,0.600077726
BHARTIARTL,1.928523192
BHEL,0.612170411
BPCL,0.435448651
CAIRN,0.949492617
CIPLA,0.983910234
COALINDIA,0.851288761
DLF,0.336231923
DRREDDY,1.560008016
GAIL,0.753422449
GRASIM,0.837895923
HCLTECH,1.434142486
HDFC,6.361631612
HDFCBANK,6.059375813
HEROMOTOCO,1.220646627
HINDALCO,0.782147062
HINDUNILVR,2.085584369
ICICIBANK,6.112744472
IDFC,0.646389222
INDUSINDBK,0.889948353
INFY,8.025231846
ITC,8.751365075
JINDALSTEL,0.488743036
JPASSOCIAT,0.325292044
KOTAKBANK,1.425129408
LT,4.216813499
LUPIN,1.011367763
M&M,2.156218319
MARUTI,1.098920429
NMDC,0.520574705
NTPC,1.504288351
ONGC,2.622818273
PNB,0.405792596
POWERGRID,0.667225418
RANBAXY,0.322841727
RELIANCE,6.949043233
SBIN,2.324508697
SSLT,1.121607313
SUNPHARMA,2.134073082
TATAMOTORS,3.551006191
TATAPOWER,0.63138683
TATASTEEL,1.323616962
TCS,5.066884606
ULTRACEMCO,0.960427174
WIPRO,1.523824745
,
,
,
,
,
,
,
,
,
,
,
,
,
,
,
,
,
Symbol\Weightage,['nov14.zip']
,%
ACC,0.48
AMBUJACEM,0.61
ASIANPAINT,1.16
AXISBANK,2.78
BAJAJ-AUTO,1.22
BANKBARODA,0.70
BHARTIARTL,1.82
BHEL,0.88
BPCL,0.66
CAIRN,0.51
CIPLA,1.11
COALINDIA,0.80
DLF,0.23
DRREDDY,1.58
GAIL,0.78
GRASIM,0.78
HCLTECH,1.55
HDFC,6.28
HDFCBANK,6.17
HEROMOTOCO,1.30
HINDALCO,0.77
HINDUNILVR,1.92
ICICIBANK,7.00
IDFC,0.73
INDUSINDBK,1.12
INFY,7.25
ITC,6.97
JINDALSTEL,0.18
KOTAKBANK,1.78
LT,4.61
LUPIN,1.22
M&M,2.10
MARUTI,1.53
NMDC,0.38
NTPC,1.02
ONGC,2.35
PNB,0.55
POWERGRID,1.08
RELIANCE,5.63
SBIN,3.42
SSLT,0.89
SUNPHARMA,2.18
TATAMOTORS,3.30
TATAPOWER,0.58
TATASTEEL,1.09
TCS,4.66
TECHM,1.37
ULTRACEMCO,0.88
WIPRO,1.32
ZEEL,0.72
,
,
,
,
,
,
,
,
,
,
,
,
,
,
,
,
,
,
Symbol\Weightage,['nov15.zip']
ACC,0.44
ADANIPORTS,0.86
AMBUJACEM,0.54
ASIANPAINT,1.34
AXISBANK,2.78
BAJAJ-AUTO,1.19
BANKBARODA,0.6
BHEL,0.56
BPCL,0.82
BHARTIARTL,1.63
BOSCHLTD,0.6
CAIRN,0.27
CIPLA,1.15
COALINDIA,1.5
DRREDDY,1.39
GAIL,0.6
GRASIM,0.84
HCLTECH,1.71
HDFCBANK,7.53
HEROMOTOCO,1.16
HINDALCO,0.35
HINDUNILVR,2.03
HDFC,6.75
ITC,6.79
ICICIBANK,5.64
IDEA,0.56
INDUSINDBK,1.61
INFY,7.67
KOTAKBANK,2.52
LT,3.98
LUPIN,1.52
M&M,2.23
MARUTI,2.15
NTPC,0.95
ONGC,1.48
POWERGRID,1.06
PNB,0.38
RELIANCE,5.63
SBIN,2.73
SUNPHARMA,2.81
TCS,4.3
TATAMOTORS,2.89
TATAPOWER,0.43
TATASTEEL,0.54
TECHM,1.15
ULTRACEMCO,1.01
VEDL,0.35
WIPRO,1.3
YESBANK,0.89
ZEEL,0.79
,
,
,
,
,
,
,
,
,
,
,
,
,
,
,
,
,
Symbol\Weightage,['nov16.zip']
ACC,0.42
ADANIPORTS,0.78
AMBUJACEM,0.54
ASIANPAINT,1.44
AUROPHARMA,0.66
AXISBANK,2.63
BAJAJ-AUTO,1.21
BANKBARODA,0.51
BHEL,0.39
BPCL,1.11
BHARTIARTL,1.41
INFRATEL,0.66
BOSCHLTD,0.62
CIPLA,0.95
COALINDIA,1.29
DRREDDY,1.32
EICHERMOT,0.95
GAIL,0.66
GRASIM,0.93
HCLTECH,1.5
HDFCBANK,7.98
HEROMOTOCO,1.34
HINDALCO,0.74
HINDUNILVR,1.99
HDFC,6.61
ITC,6.51
ICICIBANK,5.1
IDEA,0.32
INDUSINDBK,1.8
INFY,6.44
KOTAKBANK,2.98
LT,3.75
LUPIN,1.19
M&M,1.82
MARUTI,2.31
NTPC,1.33
ONGC,1.71
POWERGRID,1.39
RELIANCE,5.41
SBIN,2.65
SUNPHARMA,2.54
TCS,4
TATAMTRDVR,0.5
TATAMOTORS,2.93
TATAPOWER,0.44
TATASTEEL,0.92
TECHM,1
ULTRACEMCO,1.24
WIPRO,0.99
YESBANK,1.28
ZEEL,0.82
,
,
,
,
,
,
,
,
,
,
,
,
,
,
,
,
,
Symbol\Weightage,['nov17.zip']
ADANIPORTS,0.80
AMBUJACEM,0.49
ASIANPAINT,1.31
AUROPHARMA,0.49
AXISBANK,2.32
BAJAJ-AUTO,1.14
BAJFINANCE,1.04
BPCL,1.00
BHARTIARTL,1.66
INFRATEL,0.69
BOSCHLTD,0.47
CIPLA,0.77
COALINDIA,0.91
DRREDDY,0.70
EICHERMOT,1.01
GAIL,0.76
HCLTECH,1.20
HDFCBANK,9.60
HEROMOTOCO,1.20
HINDALCO,0.89
HINDPETRO,0.79
HINDUNILVR,2.31
HDFC,6.79
ITC,5.55
ICICIBANK,5.01
IBULHSGFIN,0.99
IOC,1.02
INDUSINDBK,2.15
INFY,4.96
KOTAKBANK,3.39
LT,3.81
LUPIN,0.50
M&M,1.66
MARUTI,2.90
NTPC,1.40
ONGC,1.30
POWERGRID,1.15
RELIANCE,7.77
SBIN,3.02
SUNPHARMA,1.51
TCS,3.33
TATAMOTORS,1.93
TATASTEEL,1.18
TECHM,0.78
UPL,0.68
ULTRACEMCO,1.11
VEDL,1.39
WIPRO,0.94
YESBANK,1.43
ZEEL,0.79
,
,
,
,
,
,
,
,
,
,
,
,
,
,
,
,
,
Symbol\Weightage,['nov18.zip']
ADANIPORTS,0.66
ASIANPAINT,1.40
AXISBANK,2.56
BAJAJ-AUTO,0.86
BAJFINANCE,1.39
BAJAJFINSV,0.84
BPCL,0.59
BHARTIARTL,0.95
INFRATEL,0.50
CIPLA,0.63
COALINDIA,0.77
DRREDDY,0.76
EICHERMOT,0.74
GAIL,0.71
GRASIM,0.79
HCLTECH,1.31
HDFCBANK,10.54
HEROMOTOCO,0.92
HINDALCO,0.76
HINDPETRO,0.40
HINDUNILVR,2.89
HDFC,7.47
ITC,5.65
ICICIBANK,5.28
IBULHSGFIN,0.55
IOC,0.66
INDUSINDBK,1.93
INFY,5.86
JSWSTEEL,0.75
KOTAKBANK,3.80
LT,4.08
M&M,1.70
MARUTI,2.35
NTPC,1.02
ONGC,0.91
POWERGRID,0.96
RELIANCE,9.23
SBIN,2.46
SUNPHARMA,1.26
TCS,4.87
TATAMOTORS,0.73
TATASTEEL,0.92
TECHM,1.02
TITAN,0.89
UPL,0.64
ULTRACEMCO,0.96
VEDL,0.84
WIPRO,0.85
YESBANK,0.72
ZEEL,0.63
,
,
,
,
,
,
,
,
,
,
,
,
,
,
,
,
,
Symbol\Weightage,['nov19.zip']
ADANIPORTS,0.60
ASIANPAINT,1.55
AXISBANK,3.31
BAJAJ-AUTO,0.83
BAJFINANCE,1.95
BAJAJFINSV,1.11
BPCL,0.83
BHARTIARTL,1.69
INFRATEL,0.47
BRITANNIA,0.72
CIPLA,0.48
COALINDIA,0.74
DRREDDY,0.71
EICHERMOT,0.64
GAIL,0.47
GRASIM,0.62
HCLTECH,1.23
HDFCBANK,11.08
HEROMOTOCO,0.64
HINDALCO,0.59
HINDUNILVR,2.92
HDFC,7.97
ICICIBANK,6.66
ITC,4.26
IOC,0.65
INDUSINDBK,1.90
INFY,5.13
JSWSTEEL,0.53
KOTAKBANK,4.34
LT,3.31
M&M,1.02
MARUTI,1.94
NTPC,1.02
NESTLEIND,1.04
ONGC,0.83
POWERGRID,0.92
RELIANCE,10.68
SBIN,2.64
SUNPHARMA,1.00
TCS,4.34
TATAMOTORS,0.58
TATASTEEL,0.65
TECHM,0.95
TITAN,0.97
UPL,0.63
ULTRACEMCO,0.96
VEDL,0.53
WIPRO,0.71
YESBANK,0.29
ZEEL,0.36
,
,
,
,
,
,
,
,
,
,
,
,
,
,
,
,
,
Symbol\Weightage,['nov20.zip']
ADANIPORTS,0.54
ASIANPAINT,1.79
AXISBANK,2.67
BAJAJ-AUTO,0.74
BAJFINANCE,2.33
BAJAJFINSV,0.95
BPCL,0.54
BHARTIARTL,1.99
BRITANNIA,0.77
CIPLA,0.68
COALINDIA,0.47
DIVISLAB,0.82
DRREDDY,1.05
EICHERMOT,0.63
GAIL,0.34
GRASIM,0.62
HCLTECH,1.60
HDFCBANK,11.21
HDFCLIFE,0.91
HEROMOTOCO,0.72
HINDALCO,0.59
HINDUNILVR,3.42
HDFC,7.23
ICICIBANK,5.84
ITC,3.03
IOC,0.38
INDUSINDBK,0.87
INFY,7.21
JSWSTEEL,0.62
KOTAKBANK,5.00
LT,2.45
M&M,1.24
MARUTI,1.67
NTPC,0.82
NESTLEIND,1.14
ONGC,0.51
POWERGRID,0.88
RELIANCE,11.17
SBILIFE,0.59
SHREECEM,0.58
SBIN,1.68
SUNPHARMA,0.99
TCS,5.04
TATAMOTORS,0.58
TATASTEEL,0.78
TECHM,0.97
TITAN,1.02
UPL,0.41
ULTRACEMCO,0.99
WIPRO,0.93
,
,
,
,
,
,
,
,
,
,
,
,
,
,
,
,
,
Symbol\Weightage,['oct13']
,%
ACC,0.52
AMBUJACEM,0.7
ASIANPAINT,1.19
AXISBANK,1.85
BAJAJ-AUTO,1.39
BANKBARODA,0.59
BHARTIARTL,2.13
BHEL,0.54
BPCL,0.45
CAIRN,0.91
CIPLA,1.02
COALINDIA,0.89
DLF,0.33
DRREDDY,1.52
GAIL,0.77
GRASIM,0.87
HCLTECH,1.42
HDFC,6.49
HDFCBANK,6.13
HEROMOTOCO,0.97
HINDALCO,0.72
HINDUNILVR,2.1
ICICIBANK,6.31
IDFC,0.64
INDUSINDBK,0.92
INFY,7.78
ITC,8.98
JINDALSTEL,0.45
JPASSOCIAT,0.28
KOTAKBANK,1.39
LT,3.86
LUPIN,1.03
M&M,1.99
MARUTI,1.06
NMDC,0.54
NTPC,1.5
ONGC,2.53
PNB,0.4
POWERGRID,0.7
RANBAXY,0.29
RELIANCE,7.33
SBIN,2.26
SSLT,1.22
SUNPHARMA,2.23
TATAMOTORS,3.34
TATAPOWER,0.64
TATASTEEL,1.09
TCS,5.25
ULTRACEMCO,0.97
WIPRO,1.52
,
,
,
,
,
,
,
,
,
,
,
,
,
,
,
,
,
Symbol\Weightage,['oct14.zip']
,%
ACC,0.50
AMBUJACEM,0.62
ASIANPAINT,1.06
AXISBANK,2.61
BAJAJ-AUTO,1.25
BANKBARODA,0.62
BHARTIARTL,1.96
BHEL,0.83
BPCL,0.67
CAIRN,0.58
CIPLA,1.20
COALINDIA,0.86
DLF,0.20
DRREDDY,1.43
GAIL,0.87
GRASIM,0.79
HCLTECH,1.54
HDFC,6.17
HDFCBANK,6.06
HEROMOTOCO,1.31
HINDALCO,0.75
HINDUNILVR,1.86
ICICIBANK,6.69
IDFC,0.73
INDUSINDBK,1.10
INFY,6.96
ITC,7.02
JINDALSTEL,0.21
KOTAKBANK,1.70
LT,4.81
LUPIN,1.16
M&M,2.16
MARUTI,1.57
NMDC,0.48
NTPC,1.10
ONGC,2.59
PNB,0.49
POWERGRID,1.14
RELIANCE,5.86
SBIN,2.97
SSLT,1.07
SUNPHARMA,2.26
TATAMOTORS,3.42
TATAPOWER,0.60
TATASTEEL,1.16
TCS,4.74
TECHM,1.35
ULTRACEMCO,0.93
WIPRO,1.31
ZEEL,0.67
,
,
,
,
,
,
,
,
,
,
,
,
,
,
,
,
,
,
Symbol\Weightage,['oct15.zip']
ACC,0.45
ADANIPORTS,0.93
AMBUJACEM,0.56
ASIANPAINT,1.31
AXISBANK,2.78
BAJAJ-AUTO,1.21
BANKBARODA,0.52
BHEL,0.63
BPCL,0.78
BHARTIARTL,1.68
BOSCHLTD,0.64
CAIRN,0.3
CIPLA,1.22
COALINDIA,1.43
DRREDDY,1.89
GAIL,0.5
GRASIM,0.82
HCLTECH,1.68
HDFCBANK,7.55
HEROMOTOCO,1.1
HINDALCO,0.38
HINDUNILVR,1.98
HDFC,6.9
ITC,6.53
ICICIBANK,5.59
IDEA,0.55
INDUSINDBK,1.57
INFY,7.88
KOTAKBANK,2.45
LT,4.02
LUPIN,1.61
M&M,1.9
MARUTI,2.05
NTPC,0.95
ONGC,1.54
POWERGRID,0.99
PNB,0.33
RELIANCE,5.44
SBIN,2.55
SUNPHARMA,3.37
TCS,4.44
TATAMOTORS,2.54
TATAPOWER,0.43
TATASTEEL,0.57
TECHM,1.14
ULTRACEMCO,1.03
VEDL,0.38
WIPRO,1.28
YESBANK,0.86
ZEEL,0.78
,
,
,
,
,
,
,
,
,
,
,
,
,
,
,
,
,
Symbol\Weightage,['oct16.zip']
ACC,0.45
ADANIPORTS,0.86
AMBUJACEM,0.59
ASIANPAINT,1.53
AUROPHARMA,0.69
AXISBANK,2.57
BAJAJ-AUTO,1.21
BANKBARODA,0.46
BHEL,0.40
BPCL,1.10
BHARTIARTL,1.33
INFRATEL,0.58
BOSCHLTD,0.63
CIPLA,0.92
COALINDIA,1.30
DRREDDY,1.32
EICHERMOT,1.01
GAIL,0.64
GRASIM,0.99
HCLTECH,1.37
HDFCBANK,7.93
HEROMOTOCO,1.35
HINDALCO,0.60
HINDUNILVR,1.89
HDFC,6.88
ITC,6.45
ICICIBANK,5.08
IDEA,0.31
INDUSINDBK,1.87
INFY,6.32
KOTAKBANK,2.99
LT,3.82
LUPIN,1.14
M&M,1.94
MARUTI,2.47
NTPC,1.18
ONGC,1.64
POWERGRID,1.21
RELIANCE,5.48
SBIN,2.52
SUNPHARMA,2.56
TCS,4.01
TATAMTRDVR,0.55
TATAMOTORS,3.25
TATAPOWER,0.45
TATASTEEL,0.86
TECHM,0.86
ULTRACEMCO,1.30
WIPRO,0.94
YESBANK,1.31
ZEEL,0.90
,
,
,
,
,
,
,
,
,
,
,
,
,
,
,
,
,
Symbol\Weightage,['oct17.zip']
ADANIPORTS,0.85
AMBUJACEM,0.52
ASIANPAINT,1.34
AUROPHARMA,0.54
AXISBANK,2.24
BAJAJ-AUTO,1.11
BAJFINANCE,1.07
BPCL,1.06
BHARTIARTL,1.65
INFRATEL,0.78
BOSCHLTD,0.48
CIPLA,0.80
COALINDIA,0.94
DRREDDY,0.74
EICHERMOT,1.08
GAIL,0.75
HCLTECH,1.20
HDFCBANK,9.27
HEROMOTOCO,1.26
HINDALCO,0.98
HINDPETRO,0.84
HINDUNILVR,2.22
HDFC,6.84
ITC,5.69
ICICIBANK,4.84
IBULHSGFIN,1.01
IOC,1.06
INDUSINDBK,2.08
INFY,4.63
KOTAKBANK,3.43
LT,3.79
LUPIN,0.62
M&M,1.57
MARUTI,2.74
NTPC,1.39
ONGC,1.36
POWERGRID,1.17
RELIANCE,7.84
SBIN,2.85
SUNPHARMA,1.53
TCS,3.28
TATAMOTORS,2.02
TATASTEEL,1.19
TECHM,0.76
UPL,0.73
ULTRACEMCO,1.15
VEDL,1.55
WIPRO,0.94
YESBANK,1.45
ZEEL,0.75
,
,
,
,
,
,
,
,
,
,
,
,
,
,
,
,
,
Symbol\Weightage,['oct18.zip']
ADANIPORTS,0.61
ASIANPAINT,1.34
AXISBANK,2.49
BAJAJ-AUTO,0.85
BAJFINANCE,1.36
BAJAJFINSV,0.79
BPCL,0.52
BHARTIARTL,0.93
INFRATEL,0.55
CIPLA,0.77
COALINDIA,0.88
DRREDDY,0.74
EICHERMOT,0.72
GAIL,0.82
GRASIM,0.79
HCLTECH,1.42
HDFCBANK,9.91
HEROMOTOCO,0.87
HINDALCO,0.78
HINDPETRO,0.40
HINDUNILVR,2.80
HDFC,6.95
ITC,5.80
ICICIBANK,5.52
IBULHSGFIN,0.67
IOC,0.71
INDUSINDBK,1.76
INFY,6.30
JSWSTEEL,0.85
KOTAKBANK,3.61
LT,3.87
M&M,1.73
MARUTI,2.13
NTPC,1.21
ONGC,1.05
POWERGRID,1.03
RELIANCE,8.78
SBIN,2.55
SUNPHARMA,1.55
TCS,5.02
TATAMOTORS,0.80
TATASTEEL,1.01
TECHM,1.13
TITAN,0.85
UPL,0.60
ULTRACEMCO,0.88
VEDL,0.95
WIPRO,0.91
YESBANK,0.84
ZEEL,0.61
,
,
,
,
,
,
,
,
,
,
,
,
,
,
,
,
,
Symbol\Weightage,['oct19.zip']
ADANIPORTS,0.64
ASIANPAINT,1.67
AXISBANK,3.35
BAJAJ-AUTO,0.86
BAJFINANCE,1.96
BAJAJFINSV,1.01
BPCL,0.86
BHARTIARTL,1.45
INFRATEL,0.33
BRITANNIA,0.79
CIPLA,0.48
COALINDIA,0.76
DRREDDY,0.69
EICHERMOT,0.64
GAIL,0.52
GRASIM,0.62
HCLTECH,1.29
HDFCBANK,10.87
HEROMOTOCO,0.72
HINDALCO,0.56
HINDUNILVR,3.18
HDFC,7.51
ICICIBANK,6.11
ITC,4.53
IOC,0.73
INDUSINDBK,1.62
INFY,5.13
JSWSTEEL,0.47
KOTAKBANK,4.30
LT,3.72
M&M,1.19
MARUTI,2.05
NTPC,1.09
NESTLEIND,1.09
ONGC,0.91
POWERGRID,0.95
RELIANCE,10.24
SBIN,2.45
SUNPHARMA,0.98
TCS,4.87
TATAMOTORS,0.65
TATASTEEL,0.59
TECHM,0.93
TITAN,1.13
UPL,0.67
ULTRACEMCO,0.88
VEDL,0.55
WIPRO,0.79
YESBANK,0.30
ZEEL,0.33
,
,
,
,
,
,
,
,
,
,
,
,
,
,
,
,
,
Symbol\Weightage,['oct20.zip']
ADANIPORTS,0.54
ASIANPAINT,1.79
AXISBANK,2.67
BAJAJ-AUTO,0.74
BAJFINANCE,2.33
BAJAJFINSV,0.95
BPCL,0.54
BHARTIARTL,1.99
BRITANNIA,0.77
CIPLA,0.68
COALINDIA,0.47
DIVISLAB,0.82
DRREDDY,1.05
EICHERMOT,0.63
GAIL,0.34
GRASIM,0.62
HCLTECH,1.60
HDFCBANK,11.21
HDFCLIFE,0.91
HEROMOTOCO,0.72
HINDALCO,0.59
HINDUNILVR,3.42
HDFC,7.23
ICICIBANK,5.84
ITC,3.03
IOC,0.38
INDUSINDBK,0.87
INFY,7.21
JSWSTEEL,0.62
KOTAKBANK,5.00
LT,2.45
M&M,1.24
MARUTI,1.67
NTPC,0.82
NESTLEIND,1.14
ONGC,0.51
POWERGRID,0.88
RELIANCE,11.17
SBILIFE,0.59
SHREECEM,0.58
SBIN,1.68
SUNPHARMA,0.99
TCS,5.04
TATAMOTORS,0.58
TATASTEEL,0.78
TECHM,0.97
TITAN,1.02
UPL,0.41
ULTRACEMCO,0.99
WIPRO,0.93
,
,
,
,
,
,
,
,
,
,
,
,
,
,
,
,
,
Symbol\Weightage,['oct2012']
,%
ACC,0.72
AMBUJACEM,0.87
ASIANPAINT,0.99
AXISBANK,1.73
BAJAJ-AUTO,1.37
BANKBARODA,0.69
BHARTIARTL,1.82
BHEL,1
BPCL,0.49
CAIRN,0.83
CIPLA,1.04
COALINDIA,1.23
DLF,0.42
DRREDDY,1.25
GAIL,0.88
GRASIM,1.19
HCLTECH,0.9
HDFC,6.61
HDFCBANK,6.49
HEROMOTOCO,1.01
HINDALCO,0.84
HINDUNILVR,3.16
ICICIBANK,6.82
IDFC,1.13
INFY,6.42
ITC,8.64
JINDALSTEL,0.84
JPASSOCIAT,0.56
KOTAKBANK,1.27
LT,4.94
LUPIN,0.76
M&M,2.28
MARUTI,1.07
NTPC,1.19
ONGC,2.68
PNB,0.55
POWERGRID,0.91
RANBAXY,0.45
RELIANCE,7.5
RELINFRA,0.36
SBIN,3.06
SESAGOA,0.38
SIEMENS,0.33
SUNPHARMA,1.47
TATAMOTORS,2.54
TATAPOWER,0.97
TATASTEEL,1.47
TCS,3.77
ULTRACEMCO,1.1
WIPRO,1.02
,100
,
,
,
,
,
,
,
,
,
,
,
,
,
,
,
,
Symbol\Weightage,['oct21.zip']
ADANIPORTS,0.66
ASIANPAINT,1.82
AXISBANK,2.49
BAJAJ-AUTO,0.63
BAJFINANCE,2.56
BAJAJFINSV,1.41
BPCL,0.52
BHARTIARTL,2.11
BRITANNIA,0.57
CIPLA,0.60
COALINDIA,0.45
DIVISLAB,0.86
DRREDDY,0.74
EICHERMOT,0.45
GRASIM,0.86
HCLTECH,1.62
HDFCBANK,9.03
HDFCLIFE,0.83
HEROMOTOCO,0.45
HINDALCO,0.88
HINDUNILVR,2.79
HDFC,6.70
ICICIBANK,7.25
ITC,2.55
IOC,0.42
INDUSINDBK,0.90
INFY,8.07
JSWSTEEL,0.87
KOTAKBANK,3.89
LT,2.78
M&M,1.10
MARUTI,1.30
NTPC,0.82
NESTLEIND,0.88
ONGC,0.71
POWERGRID,0.83
RELIANCE,10.70
SBILIFE,0.66
SHREECEM,0.50
SBIN,2.51
SUNPHARMA,1.12
TCS,4.59
TATACONSUM,0.63
TATAMOTORS,1.13
TATASTEEL,1.34
TECHM,1.20
TITAN,1.30
UPL,0.53
ULTRACEMCO,1.15
WIPRO,1.25
,
,
,
,
,
,
,
,
,
,
,
,
,
,
,
,
,
Symbol\Weightage,['sep12']
,%
ACC,0.76
AMBUJACEM,0.85
ASIANPAINT,0.99
AXISBANK,1.64
BAJAJ-AUTO,1.36
BANKBARODA,0.75
BHARTIARTL,1.76
BHEL,1.08
BPCL,0.5
CAIRN,0.8
CIPLA,1.07
COALINDIA,1.26
DLF,0.47
DRREDDY,1.15
GAIL,0.95
GRASIM,1.17
HCLTECH,0.84
HDFC,6.61
HDFCBANK,6.34
HEROMOTOCO,1
HINDALCO,0.86
HINDUNILVR,3.11
ICICIBANK,6.77
IDFC,1.06
INFY,6.78
ITC,8.21
JINDALSTEL,0.91
JPASSOCIAT,0.52
KOTAKBANK,1.35
LT,4.78
LUPIN,0.79
M&M,2.2
MARUTI,0.99
NTPC,1.19
ONGC,2.76
PNB,0.62
POWERGRID,0.95
RANBAXY,0.45
RELIANCE,7.68
RELINFRA,0.4
SBIN,3.21
SESAGOA,0.37
SIEMENS,0.33
SUNPHARMA,1.45
TATAMOTORS,2.63
TATAPOWER,0.96
TATASTEEL,1.48
TCS,3.66
ULTRACEMCO,1.07
WIPRO,1.1
,100
,
,
,
,
,
,
,
,
,
,
,
,
,
,
,
,
Symbol\Weightage,['sep13']
,%
ACC,0.555618227
AMBUJACEM,0.746830662
ASIANPAINT,1.113699522
AXISBANK,1.672897442
BAJAJ-AUTO,1.428180885
BANKBARODA,0.49643465
BHARTIARTL,2.030508262
BHEL,0.581265981
BPCL,0.458382094
CAIRN,1.009850543
CIPLA,1.175170724
COALINDIA,0.99589401
DLF,0.305283428
DRREDDY,1.615133639
GAIL,0.788436482
GRASIM,0.900729509
HCLTECH,1.546850648
HDFC,6.372052971
HDFCBANK,5.864590266
HEROMOTOCO,1.026702117
HINDALCO,0.770704216
HINDUNILVR,2.376999452
ICICIBANK,5.460979063
IDFC,0.583465679
INDUSINDBK,0.838005403
INFY,7.778872622
ITC,10.02301784
JINDALSTEL,0.481854032
JPASSOCIAT,0.227571304
KOTAKBANK,1.376780438
LT,3.435324703
LUPIN,1.09194572
M&M,2.036969892
MARUTI,0.96237142
NMDC,0.509828272
NTPC,1.627549818
ONGC,2.537798657
PNB,0.367924555
POWERGRID,0.743281611
RANBAXY,0.273080152
RELIANCE,7.233834297
SBIN,2.229207058
SESAGOA,1.196292078
SUNPHARMA,2.389716172
TATAMOTORS,3.198817957
TATAPOWER,0.696354905
TATASTEEL,0.969426553
TCS,5.261229091
ULTRACEMCO,0.983952716
WIPRO,1.652332264
,
,
,
,
,
,
,
,
,
,
,
,
,
,
,
,
,
Symbol\Weightage,['sep15.zip']
ACC,0.44
ADANIPORTS,0.96
AMBUJACEM,0.56
ASIANPAINT,1.35
AXISBANK,2.94
BAJAJ-AUTO,1.11
BANKBARODA,0.61
BHARTIARTL,1.65
BHEL,0.66
BOSCHLTD,0.62
BPCL,0.78
CAIRN,0.31
CIPLA,1.14
COALINDIA,1.49
DRREDDY,1.87
GAIL,0.5
GRASIM,0.79
HCLTECH,1.92
HDFC,6.75
HDFCBANK,7.43
HEROMOTOCO,1.03
HINDALCO,0.32
HINDUNILVR,2.04
ICICIBANK,5.54
IDEA,0.59
INDUSINDBK,1.64
INFY,8.19
ITC,6.51
KOTAKBANK,2.34
LT,4.24
LUPIN,1.73
M&M,2.06
MARUTI,2.19
NTPC,0.9
ONGC,1.45
PNB,0.35
POWERGRID,1.03
RELIANCE,5.02
SBIN,2.59
SUNPHARMA,3.34
TATAMOTORS,2
TATAPOWER,0.42
TATASTEEL,0.5
TCS,4.68
TECHM,1.2
ULTRACEMCO,0.97
VEDL,0.33
WIPRO,1.36
YESBANK,0.84
ZEEL,0.76
,
,
,
,
,
,
,
,
,
,
,
,
,
,
,
,
,
Symbol\Weightage,['sep16.zip']
ACC,0.47
ADANIPORTS,0.72
AMBUJACEM,0.62
ASIANPAINT,1.65
AUROPHARMA,0.73
AXISBANK,2.86
BAJAJ-AUTO,1.22
BANKBARODA,0.5
BHEL,0.39
BPCL,1.01
BHARTIARTL,1.31
INFRATEL,0.61
BOSCHLTD,0.66
CIPLA,0.93
COALINDIA,1.29
DRREDDY,1.24
EICHERMOT,1.05
GAIL,0.56
GRASIM,0.98
HCLTECH,1.43
HDFCBANK,8.07
HEROMOTOCO,1.38
HINDALCO,0.62
HINDUNILVR,1.96
HDFC,6.97
ITC,6.45
ICICIBANK,4.63
IDEA,0.31
INDUSINDBK,1.87
INFY,6.54
KOTAKBANK,2.84
LT,3.71
LUPIN,1.12
M&M,2.07
MARUTI,2.3
NTPC,1.16
ONGC,1.46
POWERGRID,1.23
RELIANCE,5.66
SBIN,2.47
SUNPHARMA,2.54
TCS,4.09
TATAMTRDVR,0.54
TATAMOTORS,3.27
TATAPOWER,0.43
TATASTEEL,0.79
TECHM,0.82
ULTRACEMCO,1.27
WIPRO,0.97
YESBANK,1.3
ZEEL,0.95
,
,
,
,
,
,
,
,
,
,
,
,
,
,
,
,
,
Symbol\Weightage,['sep17.zip']
ADANIPORTS,0.79
AMBUJACEM,0.52
ASIANPAINT,1.35
AUROPHARMA,0.52
AXISBANK,2.30
BAJAJ-AUTO,1.12
BAJFINANCE,1.15
BPCL,0.98
BHARTIARTL,1.36
INFRATEL,0.74
BOSCHLTD,0.50
CIPLA,0.79
COALINDIA,0.94
DRREDDY,0.75
EICHERMOT,1.10
GAIL,0.71
HCLTECH,1.29
HDFCBANK,9.77
HEROMOTOCO,1.30
HINDALCO,0.93
HINDPETRO,0.85
HINDUNILVR,2.23
HDFC,7.37
ITC,5.84
ICICIBANK,4.71
IBULHSGFIN,1.03
IOC,1.08
INDUSINDBK,2.27
INFY,4.77
KOTAKBANK,3.54
LT,3.74
LUPIN,0.64
M&M,1.55
MARUTI,2.81
NTPC,1.36
ONGC,1.28
POWERGRID,1.23
RELIANCE,6.87
SBIN,2.50
SUNPHARMA,1.47
TCS,3.22
TATAMOTORS,2.00
TATASTEEL,1.16
TECHM,0.76
UPL,0.76
ULTRACEMCO,1.07
VEDL,1.55
WIPRO,0.94
YESBANK,1.70
ZEEL,0.76
,
,
,
,
,
,
,
,
,
,
,
,
,
,
,
,
,
Symbol\Weightage,['sep18.zip']
ADANIPORTS,0.59
ASIANPAINT,1.34
AXISBANK,2.50
BAJAJ-AUTO,0.84
BAJFINANCE,1.18
BAJAJFINSV,0.83
BPCL,0.67
BHARTIARTL,1.03
INFRATEL,0.51
CIPLA,0.76
COALINDIA,0.83
DRREDDY,0.70
EICHERMOT,0.76
GAIL,0.78
GRASIM,0.93
HCLTECH,1.39
HDFCBANK,9.88
HEROMOTOCO,0.87
HINDALCO,0.77
HINDPETRO,0.43
HINDUNILVR,2.64
HDFC,6.55
ITC,5.85
ICICIBANK,4.51
IBULHSGFIN,0.65
IOC,0.75
INDUSINDBK,1.98
INFY,6.37
JSWSTEEL,0.91
KOTAKBANK,3.50
LT,3.60
M&M,1.84
MARUTI,2.24
NTPC,1.20
ONGC,1.15
POWERGRID,1.00
RELIANCE,9.89
SBIN,2.29
SUNPHARMA,1.58
TCS,5.38
TATAMOTORS,0.95
TATASTEEL,1.01
TECHM,1.07
TITAN,0.77
UPL,0.56
ULTRACEMCO,0.97
VEDL,0.99
WIPRO,0.84
YESBANK,0.78
ZEEL,0.56
,
,
,
,
,
,
,
,
,
,
,
,
,
,
,
,
,
Symbol\Weightage,['sep19.zip']
ADANIPORTS,0.69
ASIANPAINT,1.69
AXISBANK,2.93
BAJAJ-AUTO,0.81
BAJFINANCE,2.04
BAJAJFINSV,1.09
BPCL,0.80
BHARTIARTL,1.48
INFRATEL,0.46
BRITANNIA,0.74
CIPLA,0.46
COALINDIA,0.76
DRREDDY,0.70
EICHERMOT,0.52
GAIL,0.53
GRASIM,0.61
HCLTECH,1.24
HDFCBANK,11.25
HEROMOTOCO,0.74
HINDALCO,0.59
HINDUNILVR,3.00
HDFC,7.23
ICICIBANK,5.94
ITC,4.74
IOC,0.77
INDUSINDBK,1.77
INFY,6.26
JSWSTEEL,0.50
KOTAKBANK,4.66
LT,3.86
M&M,1.11
MARUTI,1.89
NTPC,1.09
NESTLEIND,1.05
ONGC,0.88
POWERGRID,0.99
RELIANCE,9.68
SBIN,2.20
SUNPHARMA,0.91
TCS,4.68
TATAMOTORS,0.45
TATASTEEL,0.58
TECHM,0.94
TITAN,1.13
UPL,0.70
ULTRACEMCO,0.96
VEDL,0.60
WIPRO,0.76
YESBANK,0.18
ZEEL,0.35
,
,
,
,
,
,
,
,
,
,
,
,
,
,
,
,
,
Symbol\Weightage,['sep20.zip']
ADANIPORTS,0.52
ASIANPAINT,1.85
AXISBANK,2.17
BAJAJ-AUTO,0.77
BAJFINANCE,1.79
BAJAJFINSV,0.73
BPCL,0.58
BHARTIARTL,2.08
BRITANNIA,0.92
CIPLA,0.81
COALINDIA,0.50
DIVISLAB,0.80
DRREDDY,1.30
EICHERMOT,0.63
GAIL,0.33
GRASIM,0.61
HCLTECH,1.82
HDFCBANK,9.67
HDFCLIFE,0.91
HEROMOTOCO,0.84
HINDALCO,0.53
HINDUNILVR,3.81
HDFC,6.43
ICICIBANK,5.05
ITC,3.09
IOC,0.39
INDUSINDBK,0.62
INFY,7.62
JSWSTEEL,0.57
KOTAKBANK,3.83
LT,2.27
M&M,1.20
MARUTI,1.85
NTPC,0.85
NESTLEIND,1.17
ONGC,0.52
POWERGRID,0.86
RELIANCE,14.90
SBILIFE,0.65
SHREECEM,0.56
SBIN,1.47
SUNPHARMA,1.11
TCS,5.40
TATAMOTORS,0.49
TATASTEEL,0.56
TECHM,1.01
TITAN,1.03
UPL,0.57
ULTRACEMCO,0.96
WIPRO,0.96
,
,
,
,
,
,
,
,
,
,
,
,
,
,
,
,
,
Symbol\Weightage,['sep21.zip']
ADANIPORTS,0.71
ASIANPAINT,1.91
AXISBANK,2.58
BAJAJ-AUTO,0.65
BAJFINANCE,2.66
BAJAJFINSV,1.41
BPCL,0.54
BHARTIARTL,2.13
BRITANNIA,0.61
CIPLA,0.65
COALINDIA,0.51
DIVISLAB,0.80
DRREDDY,0.78
EICHERMOT,0.51
GRASIM,0.83
HCLTECH,1.82
HDFCBANK,9.13
HDFCLIFE,0.88
HEROMOTOCO,0.48
HINDALCO,0.93
HINDUNILVR,3.16
HDFC,6.50
ICICIBANK,6.36
ITC,2.70
IOC,0.42
INDUSINDBK,0.88
INFY,8.13
JSWSTEEL,0.87
KOTAKBANK,3.85
LT,2.69
M&M,1.01
MARUTI,1.28
NTPC,0.88
NESTLEIND,0.91
ONGC,0.69
POWERGRID,0.85
RELIANCE,10.66
SBILIFE,0.70
SHREECEM,0.50
SBIN,2.27
SUNPHARMA,1.16
TCS,5.12
TATACONSUM,0.64
TATAMOTORS,0.78
TATASTEEL,1.32
TECHM,1.12
TITAN,1.18
UPL,0.51
ULTRACEMCO,1.12
WIPRO,1.23
,
,
,
,
,
,
,
,
,
,
,
,
,
,
,
,
,
